私人教练,杭州白马思妍丽健身有限公司,余小姐,杭州市拱墅区浙商时代大厦24楼 (310000),http://www.138job.com/ShowPhone.aspx?v=CB8ABE263CE02D437BDCA4F177BBC5F85E7DE20788768C25,"私人教练招聘职位要求是否出差：无需出差工作职责：1、负责健身区域的日常巡视，确保健身人员的人身安全；2、进行会员体测，制定专项训练计划；3、私教课程的销售，完成私人教练课程。任职要求：1、男女不限，20--30岁，身高男175—180  女165—170，2、外形健康阳光，颜值身材要好，善于沟通，具有较强的亲和力；3、熟悉健身设备、指导会员安全有效地使用健身设备并为会员示范器械的正确使用方法，具有国际认证私人教练证书  4、巡场教练及操课教练同时招聘",610019,439222
会籍顾问,杭州白马思妍丽健身有限公司,余小姐,杭州市拱墅区浙商时代大厦24楼 (310000),http://www.138job.com/ShowPhone.aspx?v=CB8ABE263CE02D437BDCA4F177BBC5F85E7DE20788768C25,"会籍顾问招聘职位要求是否出差：无需出差岗位职责：1、负责搜集新客户的资料并进行沟通，开发新客户； 2、通过电话与客户进行有效沟通了解客户需求, 寻找销售机会并完成销售业绩； 3、维护老客户的业务，挖掘客户的最大潜力； 4、定期与合作客户进行沟通，建立良好的长期合作关系。 任职要求：1、男女不限，形象气质好； 2、口齿清晰，普通话流利，语音富有感染力； 3、对销售工作有较高的热情； 4、具备较强的学习能力和优秀的沟通能力； 5、性格坚韧，思维敏捷，具备良好的应变能力和承压能力； 6、有敏锐的市场洞察力，有强烈的事业心、责任心和积极的工作态度，有相关健身房预售工作经验者优先。7、能够勇于承担工作重担",610019,439319
会籍销售主管,杭州白马思妍丽健身有限公司,余小姐,杭州市拱墅区浙商时代大厦24楼 (310000),http://www.138job.com/ShowPhone.aspx?v=CB8ABE263CE02D437BDCA4F177BBC5F85E7DE20788768C25,"会籍销售主管招聘职位要求是否出差：无需出差岗位职责：1、负责市场调研和需求分析；2、负责年度销售的预测，目标的制定及分解；3、确定销售部门目标体系和销售配额；4、制定销售计划和销售预算；5、负责销售渠道和客户的管理；6、组建销售队伍，培训销售人员；7、评估销售业绩，建设销售团队。任职要求：1、负责市场调研和需求分析；2、负责年度销售的预测，目标的制定及分解；3、确定销售部门目标体系和销售配额；4、制定销售计划和销售预算；5、负责销售渠道和客户的管理；6、组建销售队伍，培训销售人员；7、评估销售业绩，建设销售团队。",610019,439320
营运主管,杭州白马思妍丽健身有限公司,余小姐,杭州市拱墅区浙商时代大厦24楼 (310000),http://www.138job.com/ShowPhone.aspx?v=CB8ABE263CE02D437BDCA4F177BBC5F85E7DE20788768C25,"营运主管招聘职位要求是否出差：无需出差岗位职责1、负责前台员工的日常管理监督、（数据管理复查、人员管理、场馆巡查）任职要求：1、大专以上学历、普通话流畅 2、女身高1.60M以上、男身高170以上 3、亲和力强、阳光乐观、颜值要高 4、对工作认真负责、思维敏锐  5、相关工作一年以上者优先、负责5人以上团队管理、客流300人左右 运营业绩5万、客诉经验  6、年龄20—30",610019,439221
私教部主管,杭州白马思妍丽健身有限公司,余小姐,杭州市拱墅区浙商时代大厦24楼 (310000),http://www.138job.com/ShowPhone.aspx?v=CB8ABE263CE02D437BDCA4F177BBC5F85E7DE20788768C25,"私教部主管招聘职位要求是否出差：无需出差工作职责：负责监督教练部的日常运作，业绩监督及数据管理。制定月度及年度私教部计划。任职要求：20--30岁，身高男175—180女165—170，2、外形健康阳光，颜值身材要好，善于沟通，具有较强的亲和力；3、熟悉健身的设施设备、具有较强的团队掌控力  4、管理20人团队、业绩50-60万月业绩经验 5、每月团队消课2000节经验 6、大型健身会所工作1年以上",610019,439224
望京会所健身教练,东田时尚（北京）文化传播有限公司,赵经理,北京市朝阳区望京宝星华庭6号楼底商；（望京SOHO对面）,http://www.138job.com/ShowPhone.aspx?v=390E47FDF89D8B061138C4A824829D57,"望京会所健身教练招聘职位要求是否出差：无需出差任职条件：热爱健身运动，具有一定健身基础理论知识；大专以上学历，体育、医学专业毕业优先，一年以上专业健身俱乐部工作经验；具有团队合作精神；与客户的有效沟通能力强；具有良好的服务意识，为人正直、诚实、敬业；具备良好的工作习惯、较高的职业素养与道德；能够接受私人教练基础课程培训，并考核合格；北京D-Space东田运动地址：北京市朝阳区望京宝星华庭6号楼底商；（望京SOHO对面）武汉D-Space东田运动地址：武汉市武昌区武珞路宝通寺街586号中心花园应聘邮箱：zhaolingyun@tonystudio.com.cn；联系电话：13911099294   赵经理。",1324841,460148
游泳教练,东田时尚（北京）文化传播有限公司,赵经理,北京市朝阳区望京宝星华庭6号楼底商；（望京SOHO对面）,http://www.138job.com/ShowPhone.aspx?v=390E47FDF89D8B061138C4A824829D57,"游泳教练招聘职位要求是否出差：无需出差任职条件：1.	负责泳客安全，泳池清洁，提供游泳私教服务，防止泳池出现意外；2.	大专以上学历，体育、医学专业毕业优先；3.	男女不限，年龄30岁以下，形象气质佳；4.	具备救生员上岗证及游泳教练证，至少会三种以上泳姿；5.	有较强的沟通能力，具备游泳培训能力；6.	有救生工作 1 年以上经验；北京D-Space东田运动地址：北京市朝阳区望京宝星华庭6号楼底商；（望京SOHO对面）武汉D-Space东田运动地址：武汉市武昌区武珞路宝通寺街586号中心花园应聘邮箱：zhaolingyun@tonystudio.com.cn；联系电话：13911099294   赵经理。",1324841,460150
会籍顾问,东田时尚（北京）文化传播有限公司,赵经理,北京市朝阳区望京宝星华庭6号楼底商；（望京SOHO对面）,http://www.138job.com/ShowPhone.aspx?v=390E47FDF89D8B061138C4A824829D57,"会籍顾问招聘职位要求是否出差：无需出差岗位职责：1.发放会所的宣传单，接听客户的咨询电话，收集客户资源,负责会所健身卡的销售。 2.为客户介绍会所的具体优势,为客户办理会员卡手续。3.完成会所交给的业绩任务目标。 4.会员关系的维护，配合会所完成宣传营销活动。 5.为会员做好售后服务工作。任职条件：1、善于与人沟通；2、踏实肯干，能吃苦，为人正直、诚实、敬业 ；3、喜欢健身行业，愿意从事销售岗位者； 4、具有一定的市场分析能力及判断力、良好的客户服务意识。北京D-Space东田运动地址：北京市朝阳区望京宝星华庭6号楼底商；（望京SOHO对面）武汉D-Space东田运动地址：武汉市武昌区武珞路宝通寺街586号中心花园应聘邮箱：zhaolingyun@tonystudio.com.cn；联系电话：13911099294   赵经理。",1324841,460152
会籍顾问,东田时尚（北京）文化传播有限公司,赵经理,北京市朝阳区望京宝星华庭6号楼底商；（望京SOHO对面）,http://www.138job.com/ShowPhone.aspx?v=390E47FDF89D8B061138C4A824829D57,"会籍顾问招聘职位要求是否出差：无需出差岗位职责：1.发放会所的宣传单，接听客户的咨询电话，收集客户资源,负责会所健身卡的销售。 2.为客户介绍会所的具体优势,为客户办理会员卡手续。3.完成会所交给的业绩任务目标。 4.会员关系的维护，配合会所完成宣传营销活动。 5.为会员做好售后服务工作。任职条件：1、善于与人沟通；2、踏实肯干，能吃苦，为人正直、诚实、敬业 ；3、喜欢健身行业，愿意从事销售岗位者； 4、具有一定的市场分析能力及判断力、良好的客户服务意识。北京D-Space东田运动地址：北京市朝阳区望京宝星华庭6号楼底商；（望京SOHO对面）武汉D-Space东田运动地址：武汉市武昌区武珞路宝通寺街586号中心花园应聘邮箱：zhaolingyun@tonystudio.com.cn；联系电话：13911099294   赵经理。",1324841,460153
游泳教练,东田时尚（北京）文化传播有限公司,赵经理,北京市朝阳区望京宝星华庭6号楼底商；（望京SOHO对面）,http://www.138job.com/ShowPhone.aspx?v=390E47FDF89D8B061138C4A824829D57,"游泳教练招聘职位要求是否出差：无需出差任职条件：1.	负责泳客安全，泳池清洁，提供游泳私教服务，防止泳池出现意外；2.	大专以上学历，体育、医学专业毕业优先；3.	男女不限，年龄30岁以下，形象气质佳；4.	具备救生员上岗证及游泳教练证，至少会三种以上泳姿；5.	有较强的沟通能力，具备游泳培训能力；6.	有救生工作 1 年以上经验；北京D-Space东田运动地址：北京市朝阳区望京宝星华庭6号楼底商；（望京SOHO对面）武汉D-Space东田运动地址：武汉市武昌区武珞路宝通寺街586号中心花园应聘邮箱：zhaolingyun@tonystudio.com.cn；联系电话：13911099294   赵经理。",1324841,460151
望京会所健身教练,东田时尚（北京）文化传播有限公司,赵经理,北京市朝阳区望京宝星华庭6号楼底商；（望京SOHO对面）,http://www.138job.com/ShowPhone.aspx?v=390E47FDF89D8B061138C4A824829D57,"望京会所健身教练招聘职位要求是否出差：无需出差任职条件：热爱健身运动，具有一定健身基础理论知识；大专以上学历，体育、医学专业毕业优先，一年以上专业健身俱乐部工作经验；具有团队合作精神；与客户的有效沟通能力强；具有良好的服务意识，为人正直、诚实、敬业；具备良好的工作习惯、较高的职业素养与道德；能够接受私人教练基础课程培训，并考核合格；北京D-Space东田运动地址：北京市朝阳区望京宝星华庭6号楼底商；（望京SOHO对面）武汉D-Space东田运动地址：武汉市武昌区武珞路宝通寺街586号中心花园应聘邮箱：zhaolingyun@tonystudio.com.cn；联系电话：13911099294   赵经理。",1324841,460149
店长,上海美亦健健康管理有限公司,  [,钱兰（联系我时请说明在“138美容人才网”看到的招聘信息）,http://www.138job.com/ShowPhone.aspx?v=E8D5CAC8ED6779AF35BD0A945EB8CDAA,"店长招聘职位要求是否出差：无需出差岗位描述：岗位职责1. 全面负责区域内门店运营管理，建立并不断完善整体门店运营体系，包括人力资源、运营、服务、产品、新店拓展等；2. 负责直属团队及门店人才的招募、储备、培训指导、绩效考核、监督和文化建设，凝聚稳定团队，保证合理的员工流失率；3. 根据公司业务发展目标制定销售计划，带领团队完成团队销售业绩目标，包括客户转化率、续课率、转介绍率、零售等；4. 不断优化并监督落实教练培训体系、客户接待流程、营运流程和服务标准等以提升客户满意度和品牌形象口碑；5. 积极配合公司的市场推广，参与策划、执行公司市场营销活动，提升品牌影响力。岗位要求：1. 热爱运动或健身，热爱带动他人；认可Mofit健身服务理念；2. 健身行业五年以上工作经验，三年以上团队管理经验",2385705,474945
私人教练保底工资6000元/月,上海美亦健健康管理有限公司,  [,钱兰（联系我时请说明在“138美容人才网”看到的招聘信息）,http://www.138job.com/ShowPhone.aspx?v=E8D5CAC8ED6779AF35BD0A945EB8CDAA,"私人教练保底工资6000元/月招聘职位要求是否出差：无需出差薪资：6000~25000职位描述：运用最新EMS训练技术及设备实现安全高效健身。岗位职责：1指导会员进行EMS设备训练、解答会员对于EMS训练的相关问题，确保会员的健身体验的满意度和锻炼的安全2指导体验客户进行体能测试与EMS课程体验 3帮助购买EMS课程的会员建立适合其体能和需求的EMS训练计划 4帮助会员建立良好健身习惯与系统性的推进会员训练计划的完成 5督促会员按时锻炼，并及时进行状态追踪；6配合公司进行营销推广，完成公司要求的任务。任职要求1） 身高175/165以上，年龄18-30岁，形象良好、有气质，善于沟通、有责任心2） 热爱健身行业，对新事物有强烈的学习能力3） 体育院校体能训练、运动康复、健美专业优先、4） 能撰写健身、运动康复等技术文章者优先。薪资 3000+课时费+销售提成+五险一金",2385705,474947
私人教练高级培训师,上海美亦健健康管理有限公司,钱兰（,上海黄浦区保屯路288号B1 ,http://www.138job.com/ShowPhone.aspx?v=E8D5CAC8ED6779AF35BD0A945EB8CDAA,"私人教练高级培训师招聘职位要求是否出差：无需出差岗位职责：1. 按公司规定及要求完成每次授课，并做好课程记录，针对学员问题制定改进方案；2. 监督门店课程质量，对于场地突发情况给予合理的安排指导；3. 能创造良好的培训氛围，提高教练满意度；4. 认真参加公司组织的教研、培训，不断提升专业水平和授课技巧。任职要求：1. 健身健美瑜伽教练培训等相关行业5年以上经验；2. 体校硕士学历优先；3. 热爱健身健美运动，并热衷体育教育培训事业4. 能撰写健身、运动康复、瑜伽等类别的技术文章者优先。",2385705,483615
美体师,苏州平江区可诺丹婷美容美体,石小姐,苏州市金阊区石路金座大厦8009,http://www.138job.com/ShowPhone.aspx?v=2003E7686014725F003D15694DDA9E53,"美体师招聘职位要求是否出差：无需出差晋升平台：目前苏州军团有95家店，苏州地区22家！2016年目标：至少20家店（已完成），收购2个市场，开发1个区域（已完成张家港大区）！初级美容师--中级美容师--实习经理--储备经理（人事专员/客服专员）--美容顾问/美容导师（形体老师/美艺老师/美甲老师/养生老师/美胸专家）--分院经理（培训老师/人事经理）--股东----大区区长--总监--总经理你是哪个阶段？你在可诺丹婷未来的归宿在哪里？ 福利待遇：1、上六休一，享受正常国家法定节假日，以及旅游学习的机会。2、公司统一交纳五险。员工享有带薪年假，婚假，哺乳假等其他奖励；提供住宿。3、管理满足1.5年可以申请入股、分红4、三个月转正后父母亲每年可获得1200-3600的孝心基金5、公司一年至少举行一次旅行福利奖励（表现优秀者可携带父母亲旅游），费用均由公司承担6、享受公司举行的活动，如：新老员工座谈会、顾客宠爱园活动、季度表彰会、年度表彰会等7、无工作经验者，可享受专业的老师培训学习机会，合格后即日上岗工作地点：可以根据个人情况就近分配苏州地区22家分店主要集中于：太仓3家张家港3家苏州16家   苏州园区（东环家乐福）、相城区（大润发）、沧浪区（盘溪、亿象城）、平江区（观前街）、金阊区（石路）、新区（乐购超市）、越溪SM广场、何山大润发、宝带西路大润发、桐泾路永辉超市  官方网站：www.ikndt.com.com由于本公司接收的应聘简历较多，不能一一查看，为了不影响求职者的应聘时间，求职者感觉自己的条件符合公司的要求即可通过电话提前预约面试面试地点~总部：石路金座大厦8009 附近站台：广济桥、爱河桥、石路老街坊、上塘街、地铁站：1号线广济南路   2号线石路10号出口赶快拿起电话，致电免费咨询热线：15151436155（微信）给彼此一个机会吧",625863,453483
瑜伽教练,北京兰瑜伽高端美容会所,张经理,"北京市朝阳区广渠路36号院6号楼双井首城国际南侧楼兰瑜伽三层
    乘车路线：地铁10号线双井下车B口出，向东500米见首城国际中心，直行100米过红绿灯沿首城国际与首城置业中间小路直行即达",http://www.138job.com/ShowPhone.aspx?v=F5B5111517F196D14442FB79300F7B75,"瑜伽教练招聘职位要求是否出差：无需出差职责说明：在瑜伽会所中指导会员进行训练。职位要求：1、瑜伽知识扎实，具有瑜伽教练相关资质，2年以上职业教学工作经验，具有瑜伽课程的设计和教学能力；2、具备丰富的专业知识和授课经验，有良好的沟通理解能力，对学员认真负责；3、型体形象达到专业素质要求，性格温和。",1213586,280679
健身顾问,深圳市中航健康时尚集团股份有限公司,htt,深圳市罗湖区嘉宾路与和平路交汇处太平洋商贸大厦A区10楼(即金威大厦对面) ,http://www.138job.com/ShowPhone.aspx?v=8377E179A112A5F394922B686249613B,"职位要求职位名称：健身顾问是否出差：无需出差岗位职责：      1.负责健身会籍卡及健康产品的推广营销，主动开发新客源；   2.通过电话与客户进行有效沟通了解客户需求, 寻找销售机会并完成销售业绩；  3.维护老客户的业务，努力挖掘客户的最大潜力，促进再次销售；   4.定期与现有的合作客户进行沟通，建立良好的长期合作关系。         岗位要求：      1.男女不限，形象气质佳，口齿清晰，普通话流利；   2.追求高奖金收入，热衷销售工作，有强烈的事业心和进取精神；  3.性格坚韧，思维敏捷，具备良好的应变能力和承压能力；   4.具有敏锐的市场洞察力，有一年以上销售经验有助于职位申请。联系人：何小姐    联系电话：15888943080 / 0755-61866838-861 简历接收邮箱：zhaopin@physicalclub.com（欢迎各位优秀人才投递简历至该邮箱，期待您的加入！）公司总部地址：深圳市罗湖区嘉宾路与和平路交汇处太平洋商贸大厦A区10楼(即金威大厦对面)职位标签岗前培训，提供住宿，多劳多得(底薪+提成)，五险一金，绩效奖金，年终奖金，免费健身，健身顾问，广东，深圳联系方式",80726,450836
健身/美容经理（店长）,深圳市中航健康时尚集团股份有限公司,htt,深圳市罗湖区嘉宾路太平洋商贸大厦A栋10楼 ,http://www.138job.com/ShowPhone.aspx?v=AB1D2B879765D0C991B6C5FA5B459C3F,职位要求职位名称：健身/美容经理（店长）是否出差：无需出差岗位职责：1、负责会所全面经营管理工作，统管会所各部门管理工作，督导跟进以确保管理执行到位；2、负责会所团队管理，带领团队不断完善服务流程，为会员提供舒适、优质的体验；3、负责会所员工的激励和培养，跟进培训效果的有效实施，根据会所发展需求，储备和培养人才；4、负责监督执行公司各项制度及各岗位SOP流程，根据运作需求，及时提供有效的运作建议；5、负责参与市场拓展工作，与合作单位（商家、社区、企业等）保持良好关系，做好品牌推广工作；6、负责会所客户服务及管理，及时、有效处理及跟进会员投诉；7、负责定期策划、组织会员活动，及时向公司提交活动报告；8、负责对深圳及周边地区作市场调查，收集、反馈、传递业内最新资讯。任职要求：1、大专以上学历，男女不限，工商管理、市场营销、医疗美容、健康管理等专业优先；2、具有五年以上会所管理工作经验，具有三年以上高端会所、酒店、俱乐部机构高层管理经验优先；3、具有较强的行业项目整合、培训、销售能力；4、具有国内外健康行业项目管理工作经历者优先。职位标签岗前培训，健身/美容经理（店长），广东，深圳联系方式,80726,452571
会籍顾问/健身顾问（西安）,深圳市中航健康时尚集团股份有限公司,htt,西安新城区长乐西路166号朝阳国际C座西安益田假日世界4楼 ,http://www.138job.com/ShowPhone.aspx?v=7FE30FBB868E890BDDD2538A530315F4,"职位要求职位名称：会籍顾问/健身顾问（西安）是否出差：无需出差岗位职责：1.负责健身会籍卡及健康产品的推广营销，主动开发新客源；2.通过电话与客户进行有效沟通了解客户需求,寻找销售机会并完成销售业绩；3.维护老客户的业务，努力挖掘客户的最大潜力，促进再次销售；4.定期与现有的合作客户进行沟通，建立良好的长期合作关系。任职要求：1.男女不限,学历不限，18岁以上；2.吃苦耐劳，沟通表达能力较好，有销售工作意向者优先。欢迎应届生加入！职位标签免费健身，五险一金，绩效奖金，年终奖金，专业培训，会籍顾问/健身顾问（西安），陕西，西安联系方式",80726,471706
健身教练/私教（西安）,深圳市中航健康时尚集团股份有限公司,htt,西安新城区长乐西路166号朝阳国际C座西安益田假日世界4楼 ,http://www.138job.com/ShowPhone.aspx?v=7FE30FBB868E890BDDD2538A530315F4,职位要求职位名称：健身教练/私教（西安）是否出差：无需出差岗位职责：1.负责为客户提供专业化的健康运动方案；2.负责健康方案的实施及指导；3.负责为客户提供专业化的服务。任职要求：1.大专以上学历，男身高170cm以上，女身高160以上，五官端正；2.健康健身体育学院毕业且持有国际康体IHFI、国职证或美国四大体适能协会等国际教练认证证书；3.性格开朗、工作踏实、吃苦耐劳、诚信友善。有普拉提、瑜伽、跆拳道、健美操等专业特长者可申请团操教练岗位。职位标签免费健身，专业培训，绩效奖金，五险一金，年终奖金，健身教练/私教（西安），陕西，西安联系方式,80726,471704
前台,上海悠伽文化传播有限公司,李老师,"面试地址：
天山店：上海市长宁区威宁路515号（天山怡景苑门口，靠近2号线威宁路地铁站） ",http://www.138job.com/ShowPhone.aspx?v=B861792A17B7EE0AFB9EDCE27FE6DBF9,职位要求职位名称：前台是否出差：无需出差职责说明：1、负责前台接待工作，操作电脑系统，接听电话，接待客人；2、讲究职业道德，做到文明服务。  职位要求：1、仪表大方，热情；2、良好的语言表达能力，善于沟通，服务意识强，工作耐心细致。职位标签提供饭餐，星期日休息，公司产品福利，岗前培训，前台，上海，徐汇区联系方式我要应聘,1490381,419225
急聘前台---成立八年，即将开业三家大型会馆,上海悠伽文化传播有限公司,李老师,"面试地址：
天山店：上海市长宁区威宁路515号（天山怡景苑门口，靠近2号线威宁路地铁站） ",http://www.138job.com/ShowPhone.aspx?v=B861792A17B7EE0AFB9EDCE27FE6DBF9,职位要求职位名称：急聘前台---成立八年，即将开业三家大型会馆是否出差：无需出差职责说明：1、负责前台接待工作，操作电脑系统，接听电话，接待客人；2、讲究职业道德，做到文明服务。  职位要求：1、仪表大方，热情；2、良好的语言表达能力，善于沟通，服务意识强，工作耐心细致。职位标签提供饭餐，星期日休息，公司产品福利，岗前培训，急聘前台---成立八年，即将开业三家大型会馆，上海，普陀区联系方式我要应聘,1490381,487746
瑜伽前台,上海悠伽文化传播有限公司,李老师,威宁路515号悠伽瑜伽（天山怡景苑门口，靠近2号线威宁路地铁站） ,http://www.138job.com/ShowPhone.aspx?v=B861792A17B7EE0AFB9EDCE27FE6DBF9,职位要求职位名称：瑜伽前台是否出差：无需出差我们招聘的瑜伽前台，不需要你有瑜伽基础，但是你一定要热爱瑜伽，愿意用心传播，分享瑜伽！岗位职责： 1、接受公司的统一培训并考核过关； 2、带领客户参观会所，介绍企业文化，做必要的疑问解答； 3、争取使之成为我们的会员； 4、与老会员保持良好的沟通，用服务提高升级卡类和选私教；5、提供售前、售中、售后一体化的高质量服务； 3、维护自己的客户，提升客户满意度；4、维护公司形象，执行公司相关的营销政策及制度。职位要求：1、热爱瑜伽，愿意用心传播，分享瑜伽！2、身高1.57米以上，五官端正，普通话标准，初中以上学历，男士优先；3、能吃苦，学习能力比较强，积极、乐观、正能量；4、服务意识强，具有责任心和团队合作精神。职位标签提供饭餐，星期日休息，公司产品福利，岗前培训，不需要工作经验，月薪过万，提供住宿，多劳多得(底薪+提成)，瑜伽前台，上海，闵行区联系方式我要应聘,1490381,491001
户外训练教练,广州柔嘉集团,htt,广州市白云区江高镇夏荷路3-2号广州柔嘉生物科技有限公司,http://www.138job.com/ShowPhone.aspx?v=CC5FF7EBD324E0A5303EB1B1F2F2FF6FA9B1DDE1DC59FC9F9588764B1946B409,"户外训练教练招聘职位要求是否出差：无需出差1.从事过野外训练，户外扩展，（退伍军人优先）2.掌握拓展培训的培训方法和技能，熟悉拓展培训中的安全操作规程，能够保证拓展培训项目正常运营和管理3.精通户外拓展装备的使用及高度责任心和使命感4..形象好、气质佳、语言表达、清晰、流畅、逻辑思维严谨，有一定的职业素养",998402,469991
养发师,旭成集团（酷发美发美容沙龙）,杨娟（,沈阳市和平区太原北街84-1号,http://www.138job.com/ShowPhone.aspx?v=F41E125D0E04744608F7CCA7464984DD,"养发师招聘职位要求是否出差：无需出差岗位职责：1、为顾客提供头皮头发护理；2、保持工作环境的干净整洁，按时上下班；3、学习产品知识和专业技术，不断提高自身职业素质和技能。任职资格：1、形象好，气质佳，在16到25岁之间，男女均可；2、有美容美体、美发等服务行业经验的优先考虑；3、沟通理解能力强、有服务意识；4、具有亲和力和团队精神，有上进心。",2067574,447681
烫染师,旭成集团（酷发美发美容沙龙）,杨娟（,沈阳市和平区太原北街84-1号,http://www.138job.com/ShowPhone.aspx?v=F41E125D0E04744608F7CCA7464984DD,"烫染师招聘职位要求是否出差：无需出差岗位职责：1、能按美发店服务程序和规范，有礼貌的接待宾客，并提供一般的美发、咨询服务；2、能独立进行洗发、吹风、梳理的技术操作；3、协助美发师进行烫发、染发的技术操作；4、能熟练的使用美发用品、工具设备。任职要求：1、16-25周岁，形象好、无不良嗜好，热爱美发行业。2、有成长企图心，愿意吃苦学习，想成为店发型师。",2067574,447684
烫染师,旭成集团（酷发美发美容沙龙）,杨娟（,沈阳市和平区太原北街84-1号,http://www.138job.com/ShowPhone.aspx?v=F41E125D0E04744608F7CCA7464984DD,"烫染师招聘职位要求是否出差：无需出差岗位职责：1.能够独立进行洗发、吹发、染烫等项技术工作； 2.跟染烫技师学习相关技能，并志向成为染烫技师；3.协助美发师的工作；4.有礼貌接待顾客；5.为顾客提供咨询服务。任职要求：1. 年龄：18-30周岁；2.有经验者优先考虑；3.具有良好的职业素质；4.有基本的工作技能；5.身体健康。",2067574,448277
洗发师,旭成集团（酷发美发美容沙龙）,杨娟（,沈阳市和平区太原北街84-1号,http://www.138job.com/ShowPhone.aspx?v=F41E125D0E04744608F7CCA7464984DD,"洗发师招聘职位要求是否出差：无需出差岗位职责：1.给顾客提供洗头服务； 2.调制水温，并定时观察水的情况；3.协助美发师的其他工作；4.给顾客提供方便快捷的服务；5.跟顾客进行沟通。任职要求：1.从事相关行业，有经验者优先考虑；2.有耐心，有毅力；3.具有良好的职业素质；4.年龄在18岁以上；5.具有一定的沟通能力。",2067574,448278
美发助理,旭成集团（酷发美发美容沙龙）,杨娟（,沈阳市和平区太原北街84-1号,http://www.138job.com/ShowPhone.aspx?v=F41E125D0E04744608F7CCA7464984DD,"美发助理招聘职位要求是否出差：无需出差岗位职责：1.能够独立进行洗发、吹发、染烫等项技术工作； 2.跟染烫技师学习相关技能，并志向成为染烫技师；3.协助美发师的工作；4.有礼貌接待顾客；5.为顾客提供咨询服务。任职要求：1. 年龄：22-35周岁；2.有经验者优先考虑；3.具有良好的职业素质；4.有基本的工作技能；5.身体健康。",2067574,448302
养发师,旭成集团（酷发美发美容沙龙）,杨娟（,沈阳市和平区太原北街84-1号,http://www.138job.com/ShowPhone.aspx?v=F41E125D0E04744608F7CCA7464984DD,"养发师招聘职位要求是否出差：无需出差岗位职责：1、为顾客提供头皮头发护理；2、保持工作环境的干净整洁，按时上下班；3、学习产品知识和专业技术，不断提高自身职业素质和技能。任职资格：1、形象好，气质佳，在16到25岁之间，男女均可；2、有美容美体、美发等服务行业经验的优先考虑；3、沟通理解能力强、有服务意识；4、具有亲和力和团队精神，有上进心。",2067574,447688
美发技师,旭成集团（酷发美发美容沙龙）,杨娟（,沈阳市和平区太原北街84-1号,http://www.138job.com/ShowPhone.aspx?v=F41E125D0E04744608F7CCA7464984DD,"美发技师招聘职位要求是否出差：无需出差1、负责为美发沙龙客人提供专业的美发服务；2、讲究职业道德，做到文明服务，保持美发的高水准服务，维护店面声誉；3、了解贵宾及常客情况，了解他(她)们的爱好、要求及发质的特性，以便更好地提供服务；4、完成店长安排的其他工作。职位要求：1、1年以上本岗位工作经验，美发专业技术娴熟，能独立完成各种发型的设计；2、个人形象好，仪表大方，沟通能力强；3、吃苦耐劳，爱岗敬业，具备良好的职业素质。",2067574,448168
美发师,旭成集团（酷发美发美容沙龙）,杨娟（,沈阳市和平区太原北街84-1号,http://www.138job.com/ShowPhone.aspx?v=F41E125D0E04744608F7CCA7464984DD,"美发师招聘职位要求是否出差：无需出差岗位职责：1、按客户要求对其进行发型修剪、造型；2、维护门店形象，保持门店环境干净整洁；任职要求：1.男女不限，25－35岁之间，普通话流利；2.能独立完成修剪、造型、编盘等各项技术；3.热爱时尚行业，个人形象好、气质佳，工作热情、积极主动；4.有良好的团队合作精神、具有亲和力、服务意识强。",2067574,447638
技术总监,重庆玉丹丹生物科技有限公司  ,htt,重庆市江北区江北城寰宇天下天擎2栋1506,http://www.138job.com/ShowPhone.aspx?v=80DEE96708A24008EC64D8663E579E7A,"技术总监招聘职位要求是否出差：不定时出差1、有专业线化妆品5年以上工作经验，形象气质佳，能接受出差，具有一定的管理能力和领导能力，能够身先士卒，吃苦耐劳。2、有美容仪器实操作经验，3、有专业线化妆品，美容仪器培训经验。",1971741,468348
发型总监,东田时尚（北京）文化传播有限公司,李女士,北京市朝阳区东三环中路39号建外soho15号楼3层308室,http://www.138job.com/ShowPhone.aspx?v=063FC74A10F0A8EA2811AAC20E1E9250,"发型总监招聘职位要求是否出差：无需出差职责说明：主要负责美发店内发型师/技师的技术培训，传授发型设计与修剪技术。分析顾客的意见，解释服务目标及标准，与其他员工共同制定改善服务的方法，以身作则，执行服务承诺。职位要求：1、4年以上工作经验，学过沙宣、托尼盖课程，有创新力，烫染技术过硬，懂专业技术培训指导；2、具备较强的沟通销售技能，可以带领团队，责任感强。3、讲究职业道德，做到文明服务，保持高水准服务，维护公司声誉。",1324841,460143
发型总监,东田时尚（北京）文化传播有限公司,李女士,北京市朝阳区东三环中路39号建外soho15号楼3层308室,http://www.138job.com/ShowPhone.aspx?v=063FC74A10F0A8EA2811AAC20E1E9250,"发型总监招聘职位要求是否出差：无需出差职责说明：主要负责美发店内发型师/技师的技术培训，传授发型设计与修剪技术。分析顾客的意见，解释服务目标及标准，与其他员工共同制定改善服务的方法，以身作则，执行服务承诺。职位要求：1、4年以上工作经验，学过沙宣、托尼盖课程，有创新力，烫染技术过硬，懂专业技术培训指导；2、具备较强的沟通销售技能，可以带领团队，责任感强。3、讲究职业道德，做到文明服务，保持高水准服务，维护公司声誉。",1324841,460147
发型总监,东田时尚（北京）文化传播有限公司,李女士,北京市朝阳区东三环中路39号建外soho15号楼3层308室,http://www.138job.com/ShowPhone.aspx?v=063FC74A10F0A8EA2811AAC20E1E9250,"发型总监招聘职位要求是否出差：无需出差职责说明：主要负责美发店内发型师/技师的技术培训，传授发型设计与修剪技术。分析顾客的意见，解释服务目标及标准，与其他员工共同制定改善服务的方法，以身作则，执行服务承诺。职位要求：1、4年以上工作经验，学过沙宣、托尼盖课程，有创新力，烫染技术过硬，懂专业技术培训指导；2、具备较强的沟通销售技能，可以带领团队，责任感强。3、讲究职业道德，做到文明服务，保持高水准服务，维护公司声誉。",1324841,460144
发型总监,东田时尚（北京）文化传播有限公司,李女士,北京市朝阳区东三环中路39号建外soho15号楼3层308室,http://www.138job.com/ShowPhone.aspx?v=063FC74A10F0A8EA2811AAC20E1E9250,"发型总监招聘职位要求是否出差：无需出差职责说明：主要负责美发店内发型师/技师的技术培训，传授发型设计与修剪技术。分析顾客的意见，解释服务目标及标准，与其他员工共同制定改善服务的方法，以身作则，执行服务承诺。职位要求：1、4年以上工作经验，学过沙宣、托尼盖课程，有创新力，烫染技术过硬，懂专业技术培训指导；2、具备较强的沟通销售技能，可以带领团队，责任感强。3、讲究职业道德，做到文明服务，保持高水准服务，维护公司声誉。",1324841,460146
发型总监,东田时尚（北京）文化传播有限公司,李女士,北京市朝阳区东三环中路39号建外soho15号楼3层308室,http://www.138job.com/ShowPhone.aspx?v=063FC74A10F0A8EA2811AAC20E1E9250,"发型总监招聘职位要求是否出差：无需出差职责说明：主要负责美发店内发型师/技师的技术培训，传授发型设计与修剪技术。分析顾客的意见，解释服务目标及标准，与其他员工共同制定改善服务的方法，以身作则，执行服务承诺。职位要求：1、4年以上工作经验，学过沙宣、托尼盖课程，有创新力，烫染技术过硬，懂专业技术培训指导；2、具备较强的沟通销售技能，可以带领团队，责任感强。3、讲究职业道德，做到文明服务，保持高水准服务，维护公司声誉。",1324841,460145
技术总监,东田时尚（北京）文化传播有限公司,李女士,北京市朝阳区东三环中路39号建外soho15号楼3层308室,http://www.138job.com/ShowPhone.aspx?v=063FC74A10F0A8EA2811AAC20E1E9250,"技术总监招聘职位要求是否出差：无需出差职责说明：1、主要负责发型师及助理技术定期培训和指导，定期的为员工讲授理论方面的基础知识，特别是要给助理讲授系统的理论知识。2、在为顾客服务过程中，解决一些技术问题，包括处理顾客不理想的发型。3、给员工培训专门技术的操作，如新仪器的使用、烫发的具体操作、染发的具体操作等等，特别是要加强培训助理的专项技术的操作。职位要求：1、形象好气质佳，精通美发技术和专业技能；2、具备5年以上大型美发沙龙工作经验，有良好的语言表达能力和演讲授课能力；3、具备较强的沟通能力，能够为顾客提供优质服务。",1324841,460155
销售,锐诚国际,严女士,江苏省无锡市惠山区林新路2号星富广场5楼,http://www.138job.com/ShowPhone.aspx?v=2BE2718B763F3544574A410162AED9EB,职位要求职位名称：销售是否出差：不定时出差职责说明：1、负责开拓客户群，维护客户关系；2、负责在目标区域开展产品的推广销售工作，完成销售目标，实现产品的销售增长及市场占有率的提高；3、负责销售团队的管理以及考核；规划、制定市场销售策略及各项营销计划并实施；4、与其他部门紧密配合落实完成公司的销售目标。职位要求：1、积极，肯吃苦。2、有团队精神。3、具有制定营销策略、及具体实施、并积极达成的能力；4、优秀的沟通谈判能力和良好的客户关系。5.年龄：20-35岁。职位标签星期日休息，销售，江苏，无锡联系方式我要应聘,1328440,330427
高薪诚聘美发老师,广州艾果美容美发化妆培训学校,  [,谢老师（联系我时请说明在“138美容人才网”看到的招聘信息）,http://www.138job.com/ShowPhone.aspx?v=40484F864BE08FFDBE45867B67ACF8EB,"高薪诚聘美发老师招聘职位要求是否出差：无需出差做事积极，为人热情，有2-3年美发行业培训经验或从事美发行业相关工作优先考虑常年招聘美容培训师、美发培训师、美甲培训师、化妆培训师联系电话：****** 谢老师",2134863,463788
高薪诚聘美发老师,广州艾果美容美发化妆培训学校,  [,谢老师（联系我时请说明在“138美容人才网”看到的招聘信息）,http://www.138job.com/ShowPhone.aspx?v=40484F864BE08FFDBE45867B67ACF8EB,"高薪诚聘美发老师招聘职位要求是否出差：无需出差广州艾果美容美发化妆培训学校，是一所集美容、美发、化妆、美甲、韩式半永久、艾灸养生于一体的大型专业美业连锁教育培训学校，因校区扩张，常年招聘美发培训老师！岗位职责：编制培训课件，理论教学和实操指导，解答学员疑问，使学员熟练掌握烫染洗剪吹等实操技巧和技能。任职资格：热爱美发美容化妆行业，有较强的沟通能力、学习能力，以及亲和力，有美发行业培训经验优先。晋升空间：助教--讲师--教研组长--校长--技术总监薪资待遇：底薪+岗位工资+工龄津贴+伙食补贴+全勤奖+技术补贴+业绩提成工作时间：9:00-17:00（中途休息1:30），每月休息4天。有意者可加微信联系：13798079095  谢老师",2134863,463790
高薪诚聘美发老师,广州艾果美容美发化妆培训学校,  [,谢老师（联系我时请说明在“138美容人才网”看到的招聘信息）,http://www.138job.com/ShowPhone.aspx?v=40484F864BE08FFDBE45867B67ACF8EB,"高薪诚聘美发老师招聘职位要求是否出差：无需出差广州艾果美容美发化妆培训学校，是一所集美容、美发、化妆、美甲、韩式半永久、艾灸养生于一体的大型专业美业连锁教育培训学校，因校区扩张，常年招聘美发培训老师！岗位职责：编制培训课件，理论教学和实操指导，解答学员疑问，使学员熟练掌握烫染洗剪吹等实操技巧和技能。任职资格：热爱美发美容化妆行业，有较强的沟通能力、学习能力，以及亲和力，有美发行业培训经验优先。晋升空间：助教--讲师--教研组长--校长--技术总监薪资待遇：底薪+岗位工资+工龄津贴+伙食补贴+技术补贴+业绩提成工作时间：9:00-17:00（中途休息1:30），每月休息4天。有意者可加微信联系：13798079095  谢老师",2134863,463791
高薪诚聘美发老师,广州艾果美容美发化妆培训学校,  [,谢老师（联系我时请说明在“138美容人才网”看到的招聘信息）,http://www.138job.com/ShowPhone.aspx?v=40484F864BE08FFDBE45867B67ACF8EB,"高薪诚聘美发老师招聘职位要求是否出差：无需出差广州艾果美容美发化妆培训学校，是一所集美容、美发、化妆、美甲、韩式半永久、艾灸养生于一体的大型专业美业连锁教育培训学校，因校区扩张，常年招聘美发培训老师！岗位职责：编制培训课件，理论教学和实操指导，解答学员疑问，使学员熟练掌握烫染洗剪吹等实操技巧和技能。任职资格：热爱美发美容化妆行业，有较强的沟通能力、学习能力，以及亲和力，有美发行业培训经验优先。晋升空间：助教--讲师--教研组长--校长--技术总监薪资待遇：底薪+岗位工资+技术补贴+业绩提成工作时间：9:00-17:00（中途休息1:30），每月休息4天。有意者可加微信联系：13798079095  谢老师",2134863,463792
高薪诚聘美发老师,广州艾果美容美发化妆培训学校,  [,谢老师（联系我时请说明在“138美容人才网”看到的招聘信息）,http://www.138job.com/ShowPhone.aspx?v=40484F864BE08FFDBE45867B67ACF8EB,"高薪诚聘美发老师招聘职位要求是否出差：无需出差广州艾果美容美发化妆培训学校，是一所集美容、美发、化妆、美甲、韩式半永久、艾灸养生于一体的大型专业美业连锁教育培训学校，因校区扩张，常年招聘美发培训老师！岗位职责：编制培训课件，理论教学和实操指导，解答学员疑问，使学员熟练掌握烫染洗剪吹等实操技巧和技能。任职资格：热爱美发美容化妆行业，有较强的沟通能力、学习能力，以及亲和力，有美发行业培训经验优先。晋升空间：助教--讲师--教研组长--校长--技术总监薪资待遇：底薪+岗位工资+工龄津贴+伙食补贴+全勤奖+技术补贴+业绩提成工作时间：9:00-17:00（中途休息1:30），每月休息4天。有意者可加微信联系：13798079095  谢老师",2134863,463789
店长,美丽名媛美容会所,吕女士,福州市鼓楼区融侨锦江B区二期高科美容会所 ,http://www.138job.com/ShowPhone.aspx?v=CB2F26F20941F03F53980A775B8097B2,"店长招聘职位要求是否出差：无需出差岗位职责：1、检查工作（20%布置工作，80%检查工作）；                    2、定期组织员工开会，熟悉所有员工背景资料，每日需制定员工轮班表并关注员工心理动态；                   3、做好大客户维护工作，清楚并安排好全年业绩的落实情况。工作时间：一天9/小时，月休三天",2393433,478645
设计师,深圳修颜堂医疗美容门诊部有限公司,李小姐,南山区蛇口招商路144号水玫瑰美容院 ,http://www.138job.com/ShowPhone.aspx?v=48DA384D982C81B2A3EBADAB7FC19234,职位要求职位名称：设计师是否出差：无需出差职责说明：1、为顾客做详尽的整体形象设计。2、服装搭配，色彩搭配。职位要求：1、有一年以上职业化妆从业经验，对时尚潮流有敏锐的洞察力；2、有较强的亲和力，能很好的与客人沟通以达到客人满意的效果；3、能熟练运用色彩搭配，造型时尚唯美，变化多样；4、具备高度团队合作精神，能够适应长时间以及各种环境的外景拍摄；5、有工作经验者优先。需要相对较专业的职位标签星期日休息，岗前培训，设计师，广东，深圳联系方式我要应聘,1041851,454546
发型师,上海苍豆网络技术有限公司,孙腾（,长宁区东华创意园10楼 ,http://www.138job.com/ShowPhone.aspx?v=07CD5A4E48CC48D55FA47D5AF7543124,职位要求职位名称：发型师是否出差：无需出差朋友新开的店，200平左右的综合店，收入根据能力来，包吃住，具体可以见面聊！职位标签月薪过万，提供住宿，多劳多得(底薪+提成)，公司产品福利，发型师，上海，长宁区联系方式我要应聘,1978500,481822
美发助理,成都丹凤眼国际眼部理疗美容连锁机构,htt,成都市金牛区一环路北一段88号新熙门财富中心13楼 ,http://www.138job.com/ShowPhone.aspx?v=6B16BF67FD6D05D2E42446F44FC4DDF0,"美发助理招聘职位要求是否出差：无需出差岗位职责：1、能按门店服务程序和规范，有礼貌的接待客户，并提供一般的美发、咨询服务；2、能独立进行洗发、吹风、梳理的技术操作；3、保持工作环境的干净整洁；4、能熟练的使用美发用品、工具设备。任职资格：1、形象好，气质佳，在18到30岁之间；2、熟练掌握美发的技术的操作规程；3、具有亲和力，良好的语言表达与沟通能力；4、具有良好的学习力。",1194681,474622
店长,成都赋智健康科技有限公司,李林娟,四川省成都市高新区科园南路88号A1-208,http://www.138job.com/ShowPhone.aspx?v=B8F8B63547DC763F00E6E61F9A7D48F7,"店长招聘职位要求是否出差：无需出差岗位职责：1.了解市场各类光电设备项目，给公司适当的采购引进建议；2.负责实体店的业绩，推动团队业绩增长、完成店铺销售目标，提升公司品牌 ；3.实体店的规范管理，制定门店整体规划、营销、推广、客户关系管理等系统经营性工作；4.负责员工技术培训及考核，销售顾问人员储备。任职要求：1、门店运营或店长工作经验两年以上，对美容行业比较熟悉，有从业两年以上的背景，对营销有自己独特见解；2、有过门店运作成功案例，能独立制定门店整体规划、营销、推广、客户关系管理等系统经营性工作；3、精通门店的运营管理，热爱销售；强烈的客户服务意识；",2412464,480694
培训总监,广州而然医药科技有限公司,何小姐,广州市天河区天誉花园一期逸雅阁2206室,http://www.138job.com/ShowPhone.aspx?v=D25E64365D7DE867C3CF0D09318D2930,"培训总监招聘职位要求是否出差：不定时出差培训讲师招聘职位要求 是否出差：不定时出差    我们有专门的教育中心培训考核后再上岗，给您足够的自信应对市场！（一经录用，外地应聘人员报销火车费用，安排住宿，带薪培训）  我们的大客户中心，直营分公司，代理商公司遍布全国各地，欢迎全国各精英加入我们，努力创造辉煌明天，共享成果，共赢成功！ 15年来，我们培养了无数行业精英！ 在这里，专业的培训机构和教育团队会助您快速成长！ 在这里，老牌的公司、行业的口碑会让您越努力越优秀！ 在这里，稳定的经销商和优秀的支持团队让您付出越多回报越丰！ 一．主要工作职责： 1、熟悉公司产品的理论知识、手法和会务板块； 2、实施推动代理商/加盟店美容师销货方案，建立美容师信心； 3、辅导代理商/加盟店品牌标准化经营管理； 4、执行推动代理商/加盟店销货与回款的会务活动，例如坐诊终端会、专业讲座等； 5、协调维护合作客户的关系，妥善处理相关产品与会务问题； 6、定期学习及更新相关的专业知识，收集并及时反馈市场同类产品信息。 二、任职要求： 1、男女不限，年龄27-45岁之间，中专或以上学历，五官端正，身体健康，形象良好； 2、拥有5年以上相关美容养生行业经验，职业道德好，性格开朗，语言表达能力强； 3、接受出差安排。 面试联系方式电话联系人：何小姐：18148927652（联系我时请说明在“138网”看到的招聘信息） 地址：广州天河区林和中路天誉花园一期逸雅阁2206室路线指引：广州东站地铁F出口往宜家家居方向走，走到宜家家居前的保安亭，从里面的货运场直走到底，再右拐见到大门进去搭 乘电梯到6楼，左手边直走到逸雅阁；",1520745,478349
店长,广东科美荟美容有限公司,刘小姐,www.ovacell.de,http://www.138job.com/ShowPhone.aspx?v=463CC4F06073D29CF8818403E84580E7,职位要求职位名称：店长是否出差：无需出差职责说明：1、解释本美容院的服务意识，培育店员的敬业精神，合理使用人才。2、制定工作计划，分工明确，协助店员达成目标以及提升店员的技术和销售能力。3、分析顾客的意见，解释服务目标及标准，与其他员工共同制定改善服务的方法，以身作则，执行服务承诺4、定期了解客源拓展情况和市场竞争动态，并分析形势，制定对策。5、订立公正、合理、有效的奖罚制度，协调店员之间的关系，维护良好的纪律。6、督导日常工作，保证美容院各环节的正常营运。7、选择优质的产品为顾客服务，确保产品效果良好，质量稳定，物有所值。8、定期培训员工，以提高服务素质。职位要求：1、女性，年龄25岁-38岁，五官端正，形象大方，气质良好，具有管理魄力及亲和力； 2、具备美容师高级劳动资格认证或相当于高级美容师资格； 3、认真负责、诚心敬业、踏实肯干； 4、具有一定的职业技能，熟悉美容业的经营与运作模式； 5、具有良好的业务能力、营销能力、指导能力及协调能力； 6、有美容院管理经验者优先。联系方式我要应聘,1135759,467031
店长,逸医健康管理有限公司,  [,HR（联系我时请说明在“138美容人才网”看到的招聘信息）,http://www.138job.com/ShowPhone.aspx?v=1CD07EC6DAC3365F457316A1AAF06DF0,"店长招聘职位要求是否出差：无需出差职责说明：1、负责美发店里面员工的整体管理，包括指导员工的技术操作、记录顾客的反馈情况等。2、制定切合店铺实际的工作计划，并将工作目标具体分解到每个部门以及每个员工，定期跟进目标的达成情况，及时纠正工作中存在的各种问题。职位要求：1、具备3-4年的管理经验，曾在连锁沙龙做过管理工作，懂得美发店店务管理，有较强的管理能力和积极进取精神。2、沟通能力强，亲和力好，能够创造良好的交流气氛，有应急突发事件的能力。",2019417,462892
讲师,广州谷施化妆品有限公司,htt,广州天河北华庭路4号富力天河商务大厦12楼1201-1204室 ,http://www.138job.com/ShowPhone.aspx?v=AE162D7735CC04CA47F2ACA611EE770A,"讲师招聘职位要求是否出差：长期出差【岗位职责】 1、负责公司化妆品品牌线上线下培训，熟悉美容化妆品行业； 2、负责品牌课程的开发与整理； 3、负责产品的知识培训，销售技巧，促销活动等技能的培训； 4、能策划执行大型培训会议，并能独立策划促销方案。 【任职要求】 1、25岁以上，男性优先；2、高中以上学历，医学、护理相关专业优先； 3、3年以上美容行业经验优先； 4、性格活泼开朗，善与沟通交流； 5、可接受不定时出差优先； 6、有市场销售经验者优先。",518816,482195
技术总监,广州菏韵营养健康咨询有限公司,吴伟（,广州市海珠区新滘东路高桥新苑2巷8号凤和大楼6楼,http://www.138job.com/ShowPhone.aspx?v=C77FDC0FD27FEF51CEBE4E11BE1F8516,"技术总监招聘职位要求是否出差：不定时出差培训公司美导的技术手法，定期开设美容师技术课。不定期下店进行技术支持",2089057,469842
店长,北京蒂蔻科技,  [,段（联系我时请说明在“138美容人才网”看到的招聘信息）,http://www.138job.com/ShowPhone.aspx?v=2E476A67F6119DE315460E6BF36F5DEF,"店长招聘职位要求是否出差：无需出差岗位职责：  1、全面负责美容店的经营与管理，带领全店人员完成年度销售任务指标；  2、熟练掌握公司产品、项目的单价、成分、操作流程及用途；并会讲解示范；  3、负责新产品、新项目的推广以及促销活动的推进  4、负责客户维护与深度开发，定期回访客户，掌握客户需求，提出解决方案，提高客户满意度和销售额；  5、负责客户档案、台账、店里设施、设备、仪器的管理；  6、完成领导其他安排的工作。任职要求： 1、大专以上学历，年龄25-35周岁；有美容店长5年以上经验的优先； 2、认真负责、诚心敬业、踏实肯干，工作细心；3、有较强的沟通、表达、分析、协调能力，善于沟通、接待；4、心态积极乐观，有良好的服务意识和团队合作精神，抗压能力强形象佳，责任心强。岗位薪资待遇优厚，你敢来、我敢给！。详情请电话咨询：68654929   18610678585兰小燕",2072005,463039
店长,广州唐域国际SPA养生连锁机构,王强（,广州番禺区沙溪大道480号海怡半岛商业街2楼c17 ,http://www.138job.com/ShowPhone.aspx?v=F0E2722490E2983DD44A2C833CE30726,"店长招聘职位要求是否出差：无需出差1）每天主持早会，做好门店一日工作的启动，提高员工的工作激情；    A．明确一天的总业绩目标，协助每位员工制定个人业绩目标；    B．总结昨天工作，计划今日工作，做好安排、协调好相关工作；    C．解决员工提出的棘手问题，辅导员工成长；    D．早会上，员工进行相关话术的演练和辅导。（2）配合顾问做好客户回访工作，客户信息数据分析，并有针对性制定客户的消耗和销售计划；    A．检查到店客户档案填写是否规范，查看当日工作报表填写情况，并及时跟进当天各员工的工作任务完成的情况；    B．检查前台预约、轮客情况，负责督查预约客未到店的去电提醒情况；    C．店长每日巡视店，及时发现问题及时解决，辅助顾问成交客户，现场进行教育训练，提升员工工作技能；",540653,458793
设计师,江西紫荆兰美容企业,  [,彭总监（联系我时请说明在“138美容人才网”看到的招聘信息）,http://www.138job.com/ShowPhone.aspx?v=95AA5778DD04553485A7914228EF5404,"设计师招聘职位要求是否出差：不定时出差有吃苦耐劳的精神，形象气质佳，具备耐压能力，专业性强！",931129,422840
培训总监,北京凯尔斯科技开发有限公司,htt,北京市大兴旧宫工业区南环路四十一号 (100176),http://www.138job.com/ShowPhone.aspx?v=3B26CA56A021AC6D0067044423FB2F8A,职位要求职位名称：培训总监是否出差：不定时出差岗位职责：1、依据公司战略建立健全适合公司发展的培训体系；进行培训课程、讲师体系、培训流程、培训制度及评估体系的整体规划和运营；2、总结归纳公司培训需求，以此制订相关培训计划并组织实施；3、监督、指导培训体系的有效运行并跟踪、反馈培训效果； 4、制定公司讲师培养体系，包括：认证、培养、管理、激励等； 对各业务模块专兼职讲师队伍架构设计提供支持； 5、分析各业务部门各阶段的培训计划、实施方案及预算费用，并提出相应的改善意见和建议； 组织相关部门对开发或引进的课程进行审核与完善；6、建设和完善相关体系的联动机制，促进员工能力素质提升。任职要求：1、专科以上学历，至少有5年以上美容美体培训管理经验；有扎实的培训管理理论功底及较强的实际操作和管控能力； 2、对培训体系有丰富的搭建经验， 具备独立课程开发及独立策划培训项目的能力； 3、具有较高的战略思维和全局掌控能力，及较强的资源整合力；4、具备优秀的客户关系维护和解决问题的能力； 5、文字功底深厚，擅长各类企业文案的拟定； 6、具备出色的时间管理能力； 7、性格开朗、气质佳、工作作风严谨、细致、较强的责任心和敬业精神；职位标签星期六日休息提供住宿，培训总监，北京联系方式我要应聘,83300,441852
培训总监,深圳中生健康产业集团有限公司,htt,深圳市南山区海德三道1126号卓越后海中心14楼 ,http://www.138job.com/ShowPhone.aspx?v=07ABCCD1C11F986F8D3F35D2B66D773B,职位要求职位名称：培训总监是否出差：无需出差岗位职责：1、全面负责公司市场教育培训体系建设各年度教育培训工作规划。2、负责研发公司教育核心课题、编制教育大纲和相关培训教材、教案；实施培训课程；3、负责对代理商、终端店的品牌教育、品牌启动、品牌促销、终端销售进行针对性的阶段性课程培训；4、负责组织公司举办的各类招商会议的会前培训；5、受理客户咨询、投诉、建议等；6、收集客户资料，建立完善的客户档案系统及信息数据库；7、制定客户服务规范制度和客服教育手册，设计并优化客户服务各种流程，规范客服话术。任职资格：1、大专及以上学历，3年以上高端医美行业或奢侈品行业、其他高端消费品行业教育培训总监任职经验；2、精通高端消费品客户教育体系建设和客户服务体系标准流程设计；3、优秀的团队建设和管理能力，优秀的沟通协调能力，组织策划能力，较强的危机处理能力；4、具有相关领域同类岗位从业经验者优先；薪资待遇：1、基础薪资：10000－12000元（年薪：50万以上）。2、购买五险一金，周末双休，年终分红；3、公司福利（国内外旅游、健康体检等）及家属福利。职位标签五险一金、季度奖金、定期培训、周末双休、年度体检，生日聚会、国内外旅游、家属福利、年终分红、合伙人，培训总监，广东，深圳联系方式我要应聘,2142128,467099
讲师,广大酵华生物科技有限公司,htt,广州天河区体育西路中石化大厦B塔4608,http://www.138job.com/ShowPhone.aspx?v=C813B7451E6B4E31B3511821F10AD541,"讲师招聘职位要求是否出差：不定时出差岗位职责：1、根据市场需求，参与大型推广会、培训会等各类会议的组织与主讲，并负责所辖区域的招商组织推广和品牌打样推广等工作；2、根据市场状况参与对市场营销会议、促销计划等各类培训教案的编写；3、制定并完善公司培训计划及方案，为代理商团队培养、产品知识等培训提供咨询及建议；岗位要求：1、具备优秀的演讲能力和授课能力，书面表达能力强，能整合编写教材、设计课程；2、能适应出差，有一定的市场销售策划能力；3、能独立组织、策划产品招商会、终端会、培训会等会议；",1143627,340909
店长,广东吻艾健康科技有限公司,  [,梁小姐（联系我时请说明在“138美容人才网”看到的招聘信息）,http://www.138job.com/ShowPhone.aspx?v=9C76CBE4D1A63405C4A801EB9E9BD3C0,"店长招聘职位要求是否出差：无需出差职责说明：1、负责养生馆里面员工的整体管理，包括指导员工的技术操作、记录顾客的反馈情况等。2、制定切合店铺实际的工作计划，并将工作目标具体分解到每个部门以及每个员工，定期跟进目标的达成情况，及时纠正工作中存在的各种问题。职位要求：1、具备3-4年的管理经验，曾在连锁沙龙做过管理工作，懂得养生店店务管理，有较强的管理能力和积极进取精神。2、沟通能力强，亲和力好，能够创造良好的交流气氛，有应急突发事件的能力。",1587270,407484
店长,广东吻艾健康科技有限公司,梁小姐,深圳市龙华新区新华城1栋74号,http://www.138job.com/ShowPhone.aspx?v=2F417E72A12EFD322F6515ECD727A201,"店长招聘职位要求是否出差：无需出差职责说明：1、负责养生馆里面员工的整体管理，包括指导员工的技术操作、记录顾客的反馈情况等。2、制定切合店铺实际的工作计划，并将工作目标具体分解到每个部门以及每个员工，定期跟进目标的达成情况，及时纠正工作中存在的各种问题。职位要求：1、具备3-4年的管理经验，曾在连锁沙龙做过管理工作，懂得养生店店务管理，有较强的管理能力和积极进取精神。2、沟通能力强，亲和力好，能够创造良好的交流气氛，有应急突发事件的能力。",1587270,407485
店长,杭州元研细胞生物科技有限公司,  [,徐冬方（联系我时请说明在“138美容人才网”看到的招聘信息）,http://www.138job.com/ShowPhone.aspx?v=2AA0476AD74D26A6A91D9AEE4B1BAD12,"店长招聘职位要求是否出差：无需出差职责说明：1、解释本美容院的服务意识，培育店员的敬业精神，合理使用人才。2、制定工作计划，分工明确，协助店员达成目标以及提升店员的技术和销售能力。3、分析顾客的意见，解释服务目标及标准，与其他员工共同制定改善服务的方法，以身作则，执行服务承诺4、定期了解客源拓展情况和市场竞争动态，并分析形势，制定对策。5、订立公正、合理、有效的奖罚制度，协调店员之间的关系，维护良好的纪律。6、督导日常工作，保证美容院各环节的正常营运。7、选择优质的产品为顾客服务，确保产品效果良好，质量稳定，物有所值。8、定期培训员工，以提高服务素质。职位要求：1、女性，年龄25岁-38岁，五官端正，形象大方，气质良好，具有管理魄力及亲和力； 2、具备美容师高级劳动资格认证或相当于高级美容师资格； 3、认真负责、诚心敬业、踏实肯干； 4、具有一定的职业技能，熟悉美容业的经营与运作模式； 5、具有良好的业务能力、营销能力、指导能力及协调能力； 6、有美容院管理经验者优先。",2410632,482189
养生馆店长,成都太古世家科技有限公司,htt,成都市青羊区金阳路2号（金沙生活广场3楼） ,http://www.138job.com/ShowPhone.aspx?v=826FAF50D62CE80908DD4C61E760197A,职位要求职位名称：养生馆店长是否出差：无需出差岗位职责：1.带领团队完成店面的经营指标；2.落实店面日常事务管理；3.提升门店员工服务水平，维护店面良好的形象；4.客情关系的维护，落实售后服务相关工作；5、完成店内其他相应工作 。岗位要求：1、年龄在27-40岁之间，有三年以上美容、养生行业同等职位的管理经验，有中医相关知识背景者优先。2、工作认真负责，积极向上，具有良好的团队管理能力和团队协作能力；3、形象端庄，有亲和力，服务意识强，有良好的语言表达能力和较强的销售能力；4、吃苦耐劳，爱岗敬业，具有较高的职业素养和道德；福利待遇：底薪7000-10000 + 团队业绩提成 + 奖金+其他的补助 （具体面议）职位标签月薪过万，分红/合伙人，朝阳行业，绩效奖金，五险一金，节假日福利，工龄福利，包吃住，年终奖金朝阳健康行业，发展空间大，养生馆店长，四川，成都联系方式我要应聘,1257524,465539
诚聘：美容/养生店长,成都太古世家科技有限公司,htt,成都市青羊区金阳路2号（金沙生活广场3楼） ,http://www.138job.com/ShowPhone.aspx?v=826FAF50D62CE80908DD4C61E760197A,职位要求职位名称：诚聘：美容/养生店长是否出差：无需出差岗位职责：1.带领团队完成店面的经营指标；2.落实店面日常事务管理；3.提升门店员工服务水平，维护店面良好的形象；4.客情关系的维护，落实售后服务相关工作；5、完成店内其他相应工作 。岗位要求：1、年龄在27-40岁之间，有三年以上美容、养生行业同等职位的管理经验，有中医相关知识背景者优先。2、工作认真负责，积极向上，具有良好的团队管理能力和团队协作能力；3、形象端庄，有亲和力，服务意识强，有良好的语言表达能力和较强的销售能力；4、吃苦耐劳，爱岗敬业，具有较高的职业素养和道德；福利待遇：底薪7000-10000 + 团队业绩提成 + 奖金+其他的补助 （具体面议）职位标签月薪过万，分红/合伙人，朝阳行业，绩效奖金，五险一金，节假日福利，工龄福利，包吃住，年终奖金朝阳健康行业，发展空间大，诚聘：美容/养生店长，四川，成都联系方式我要应聘,1257524,480534
美容/养生店长,成都太古世家科技有限公司,htt,成都市青羊区金阳路2号（金沙生活广场3楼） ,http://www.138job.com/ShowPhone.aspx?v=826FAF50D62CE80908DD4C61E760197A,职位要求职位名称：美容/养生店长是否出差：无需出差岗位职责：1.带领团队完成店面的经营指标；2.落实店面日常事务管理；3.提升门店员工服务水平，维护店面良好的形象；4.客情关系的维护，落实售后服务相关工作；5、完成店内其他相应工作 。岗位要求：1、年龄在27-40岁之间，有三年以上美容、养生行业同等职位的管理经验，有中医相关知识背景者优先。2、工作认真负责，积极向上，具有良好的团队管理能力和团队协作能力；3、形象端庄，有亲和力，服务意识强，有良好的语言表达能力和较强的销售能力；4、吃苦耐劳，爱岗敬业，具有较高的职业素养和道德；福利待遇：底薪7000-10000 + 团队业绩提成 + 奖金+其他的补助 （具体面议）职位标签月薪过万，分红/合伙人，朝阳行业，绩效奖金，五险一金，节假日福利，工龄福利，包吃住，年终奖金朝阳健康行业，发展空间大，美容/养生店长，四川，成都联系方式我要应聘,1257524,480512
店长,田中升生物科技品牌中心（上海泛荃公司）,王先生,温州市车站大道777号东游大厦2605 ,http://www.138job.com/ShowPhone.aspx?v=FE825FA241EF728ED2287CB3B5F833B4,职位要求职位名称：店长是否出差：不定时出差招按摩调理店长 ，有经验者优先。职位标签星期日休息，公司产品福利，岗前培训，多劳多得(底薪+提成)，店长，浙江，温州联系方式我要应聘,1053885,486930
发型师包食宿好前程,深圳市普丽堤美容养生连锁,htt,深圳市福田区景田奥林匹克大厦21楼D1 ,http://www.138job.com/ShowPhone.aspx?v=8FA84A3825D130FF43B28C43AEECBF75,职位要求职位名称：发型师包食宿好前程是否出差：无需出差底薪+提成+手工费+奖金+培训月均5至8k，手法好，经验高，能力优秀者可月薪过万普丽堤认为：一流的客户要求一流的品牌和服务，而一流的服务品牌要由一流的员工团队共同打造！因而，我们对公司及所有员工同样负有“成长和帮助实现事业梦想”的责任！作为未来的小伙伴，不论您现在是“菜鸟”还是熟手、高手都能在普丽堤的事业平台上，大显身手！熟手的你，自然可以直接过来赚高薪，手法/技术好，经验丰富的月薪过万！生手也不用担心，从技师开始边干边学，内外部美业导师、专家一定能把你打造成星级发型师、美容师！您更有机会参与到店内日常管理工作中，从助理、主管做起，快速成长为行业精英乃至事业合伙人岗位职责：1、能按美发店服务程序和规范，有礼貌的接待宾客，并提供美发、咨询服务；2、根据顾客不同特征，设计制作出符合顾客要求的发型；3、能独立进行洗发、剪发、吹风、梳理、烫发、染发的技术操作；4、熟练的使用美发用品、工具设备；能指导美发助理工作。任职资格：只限男士1、形象好气质佳，熟练当代时尚美发技术；2、三年以上发型师经验，剪法精准细致，吹风造型功底深厚，设计理念时尚而有品位，有沙宣班培训经历者、有较大型时尚活动或美发比赛经历者优先；3、沟通能力好，能够为顾客提供优质服务。上班地点：深圳市 福田区 上沙艾丽 美丝美容美发综合店特别提示：上面薪资是大概的范围，只要您是充满正能量的优秀从业者，一经录用薪资、福利、发展机会肯定行业领先、并可面议，欢迎来电！这是一个温馨且积极向上的团队，这里是一个温暖的大家庭！普丽堤期待着与您――我们的事业小伙伴共同成长！一同邂逅美丽……职位标签提供食宿，生日补助，五险一金，员工持股制，省外国内游，环境氛围好，晋升空间大，公司平台前景好，外出学习拓展，加班补助，发型师包食宿好前程，深圳，福田区联系方式我要应聘,109602,474180
发型师,深圳眉氏基业控股有限公司,王小姐,http://www.1982wm.com/,http://www.138job.com/ShowPhone.aspx?v=0B7904AD1DC47C7D50E6CCCF95D2DE87,职位要求职位名称：发型师是否出差：不定时出差职责说明：1、负责为美发沙龙客人提供专业的美发服务；2、讲究职业道德，做到文明服务，保持美发的高水准服务，维护店面声誉；3、定期建立贵宾及常客档案，了解他(她)们的爱好、要求及发质的特性，以便更好地提供服务；职位要求：1、美发专业技术娴熟，能独立完成各种发型的设计；2、个人形象好，仪表大方，沟通能力强；3、吃苦耐劳，爱岗敬业，具备良好的职业素质。职位标签星期日休息，公司产品福利，岗前培训，发型师，广东，深圳联系方式我要应聘,857204,482211
染发大工,威莎世纪美容集团,威莎世,"天津市南开区长江道与南丰路交口宝利国际大厦
威莎世纪人事部：18522579691",http://www.138job.com/ShowPhone.aspx?v=9EC5BFFB63B361B0FB1A574D84812787,职位要求职位名称：染发大工是否出差：无需出差招募经验丰富的染发大工男女不限薪酬面议福利待遇：待遇从优--所有岗位高于天津市市面平均工资水平-具有竞争力丰厚奖金--季度奖-活动奖提供住宿--小区住宿环境好-交通便利-上班方便提供餐食--除营运中心享受每月餐补外-其他各大中心均享受免费午餐每月-每季-每半年及各大节假日员工会享受五星级大厨的私家宴-享受星级服务除此之外员工可免费享受染发和英式下午茶休闲时刻员工生日--第一时间会收到公司领导的祝福短信及生日礼物员工健康--公司出钱为员工健康保驾护航员工社保--享受五险员工休假--每周休息一天另加国家法定假日--管理中心各部门享受双休及单双休--无论休息如何安排全年必须休满--没有特殊工作-公司严禁员工加班联系方式我要应聘,2018659,477591
染发小工,威莎世纪美容集团,威莎世,"天津市南开区长江道与南丰路交口宝利国际大厦
威莎世纪人事部：18522579691",http://www.138job.com/ShowPhone.aspx?v=9EC5BFFB63B361B0FB1A574D84812787,职位要求职位名称：染发小工是否出差：无需出差招募染发小工薪酬面议男女不限福利待遇：待遇从优--所有岗位高于天津市市面平均工资水平-具有竞争力丰厚奖金--季度奖-活动奖提供住宿--小区住宿环境好-交通便利-上班方便提供餐食--除营运中心享受每月餐补外-其他各大中心均享受免费午餐每月-每季-每半年及各大节假日员工会享受五星级大厨的私家宴-享受星级服务除此之外员工可免费享受染发和英式下午茶休闲时刻员工生日--第一时间会收到公司领导的祝福短信及生日礼物员工健康--公司出钱为员工健康保驾护航员工社保--享受五险员工休假--每周休息一天另加国家法定假日--管理中心各部门享受双休及单双休--无论休息如何安排全年必须休满--没有特殊工作-公司严禁员工加班职位标签多劳多得(底薪+提成)，染发小工，天津联系方式我要应聘,2018659,477592
美发讲师（武汉光谷校区）,深圳盛美化妆美容美发学校,htt,湖北省武汉市珞瑜路通信管理局一楼盛美教育（华乐商务中心正对面） ,http://www.138job.com/ShowPhone.aspx?v=468D31E8256963BF292F07DD4AB03D62,职位要求职位名称：美发讲师（武汉光谷校区）是否出差：无需出差1.负责组织和参加本校美甲专业老师教学工作，组织备课、上班、考核，维护学员关系，做到走心、用心、爱心2.负责班级卫生，做到整洁干净3.负责组织执行班级制度和班级文化4.提高本专业学生转班率，部门业绩达标5.每天发个人总结以及明日计划到总部化妆群和学校管理群6.组织班级每天的早操、午操和点名7.每月开展一次公开课，将方案提前递交校长8.按时参加内部培训会9.培养讲师和助教提升并进行考核，为总部和其他学校输送合格人才职位标签公司产品福利，岗前培训，多劳多得(底薪+提成)，美发讲师（武汉光谷校区），湖北，武汉联系方式我要应聘,1569349,448111
化妆 美容 美发 美甲 纹绣 中医,深圳盛美化妆美容美发学校,htt,湖北省武汉市珞瑜路通信管理局一楼盛美教育（华乐商务中心正对面） ,http://www.138job.com/ShowPhone.aspx?v=468D31E8256963BF292F07DD4AB03D62,职位要求职位名称：化妆美容美发美甲纹绣中医是否出差：无需出差担心工作不好找？苦恼工作不好做？市场饱和，行业不景气，个人价值得不到体现？同行竞争，店面不盈利，人生目标消失得无影无踪？好好想下，原因何在？真的是市场的原因，还是自身能力不够，自身专业技能扎实与否。拥有一技之长的人，才能走得长远，走得稳健！武汉盛美职业培训学校我们的优势：名师执教，地理位置优越，拥有3000平米教学基地，就业开店一站式培训！暑期特惠！暑期特惠！暑期特惠！现报名化妆，美容，美发，纹绣，美甲，中医理疗课程，个人形象设计， 即送“开学豪礼”，欢迎大家致电骚扰！不论你报单科，还是双科，我们都送工具，另外还加送美睫课程，让你学到赚到美到！学校提供住宿，外地的朋友不用担心。地址：湖北省武汉市洪山区珞瑜路湖北省通讯管理局一楼(商务华乐中心正对面)联系人：杨老师 13071241876（微信同号）工作地址武汉市洪山区珞瑜路789号省通信管理局一楼（华乐商务中心对面）职位标签公司产品福利，岗前培训，化妆美容美发美甲纹绣中医，湖北，咸宁联系方式我要应聘,1569349,480864
化妆 美容 美发 美甲 纹绣 中医,深圳盛美化妆美容美发学校,htt,湖北省武汉市珞瑜路通信管理局一楼盛美教育（华乐商务中心正对面） ,http://www.138job.com/ShowPhone.aspx?v=468D31E8256963BF292F07DD4AB03D62,职位要求职位名称：化妆美容美发美甲纹绣中医是否出差：无需出差担心工作不好找？苦恼工作不好做？市场饱和，行业不景气，个人价值得不到体现？同行竞争，店面不盈利，人生目标消失得无影无踪？好好想下，原因何在？真的是市场的原因，还是自身能力不够，自身专业技能扎实与否。拥有一技之长的人，才能走得长远，走得稳健！武汉盛美职业培训学校我们的优势：名师执教，地理位置优越，拥有3000平米教学基地，就业开店一站式培训！暑期特惠！暑期特惠！暑期特惠！现报名化妆，美容，美发，纹绣，美甲，中医理疗课程，个人形象设计， 即送“开学豪礼”，欢迎大家致电骚扰！不论你报单科，还是双科，我们都送工具，另外还加送美睫课程，让你学到赚到美到！学校提供住宿，外地的朋友不用担心。地址：湖北省武汉市洪山区珞瑜路湖北省通讯管理局一楼(商务华乐中心正对面)联系人：杨老师 13071241876（微信同号）工作地址武汉市洪山区珞瑜路789号省通信管理局一楼（华乐商务中心对面）职位标签公司产品福利，岗前培训，化妆美容美发美甲纹绣中医，湖北，黄石联系方式我要应聘,1569349,480861
化妆 美容 美发 美甲 纹绣 中医,深圳盛美化妆美容美发学校,htt,湖北省武汉市珞瑜路通信管理局一楼盛美教育（华乐商务中心正对面） ,http://www.138job.com/ShowPhone.aspx?v=468D31E8256963BF292F07DD4AB03D62,职位要求职位名称：化妆美容美发美甲纹绣中医是否出差：无需出差担心工作不好找？苦恼工作不好做？市场饱和，行业不景气，个人价值得不到体现？同行竞争，店面不盈利，人生目标消失得无影无踪？好好想下，原因何在？真的是市场的原因，还是自身能力不够，自身专业技能扎实与否。拥有一技之长的人，才能走得长远，走得稳健！武汉盛美职业培训学校我们的优势：名师执教，地理位置优越，拥有3000平米教学基地，就业开店一站式培训！暑期特惠！暑期特惠！暑期特惠！现报名化妆，美容，美发，纹绣，美甲，中医理疗课程，个人形象设计， 即送“开学豪礼”，欢迎大家致电骚扰！不论你报单科，还是双科，我们都送工具，另外还加送美睫课程，让你学到赚到美到！学校提供住宿，外地的朋友不用担心。地址：湖北省武汉市洪山区珞瑜路湖北省通讯管理局一楼(商务华乐中心正对面)联系人：杨老师 13071241876（微信同号）工作地址武汉市洪山区珞瑜路789号省通信管理局一楼（华乐商务中心对面）职位标签公司产品福利，岗前培训，化妆美容美发美甲纹绣中医，湖北，襄阳联系方式我要应聘,1569349,480862
化妆 美容 美发 美甲 纹绣 中医,深圳盛美化妆美容美发学校,htt,湖北省武汉市珞瑜路通信管理局一楼盛美教育（华乐商务中心正对面） ,http://www.138job.com/ShowPhone.aspx?v=468D31E8256963BF292F07DD4AB03D62,职位要求职位名称：化妆美容美发美甲纹绣中医是否出差：无需出差担心工作不好找？苦恼工作不好做？市场饱和，行业不景气，个人价值得不到体现？同行竞争，店面不盈利，人生目标消失得无影无踪？好好想下，原因何在？真的是市场的原因，还是自身能力不够，自身专业技能扎实与否。拥有一技之长的人，才能走得长远，走得稳健！武汉盛美职业培训学校我们的优势：名师执教，地理位置优越，拥有3000平米教学基地，就业开店一站式培训！暑期特惠！暑期特惠！暑期特惠！现报名化妆，美容，美发，纹绣，美甲，中医理疗课程，个人形象设计， 即送“开学豪礼”，欢迎大家致电骚扰！不论你报单科，还是双科，我们都送工具，另外还加送美睫课程，让你学到赚到美到！学校提供住宿，外地的朋友不用担心。地址：湖北省武汉市洪山区珞瑜路湖北省通讯管理局一楼(商务华乐中心正对面)联系人：杨老师 13071241876（微信同号）工作地址武汉市洪山区珞瑜路789号省通信管理局一楼（华乐商务中心对面）职位标签公司产品福利，岗前培训，化妆美容美发美甲纹绣中医，湖北，宜昌联系方式我要应聘,1569349,480863
化妆 美容 美发 美甲 纹绣 中医,深圳盛美化妆美容美发学校,htt,湖北省武汉市珞瑜路通信管理局一楼盛美教育（华乐商务中心正对面） ,http://www.138job.com/ShowPhone.aspx?v=468D31E8256963BF292F07DD4AB03D62,职位要求职位名称：化妆美容美发美甲纹绣中医是否出差：无需出差担心工作不好找？苦恼工作不好做？市场饱和，行业不景气，个人价值得不到体现？同行竞争，店面不盈利，人生目标消失得无影无踪？好好想下，原因何在？真的是市场的原因，还是自身能力不够，自身专业技能扎实与否。拥有一技之长的人，才能走得长远，走得稳健！武汉盛美职业培训学校我们的优势：名师执教，地理位置优越，拥有3000平米教学基地，就业开店一站式培训！暑期特惠！暑期特惠！暑期特惠！现报名化妆，美容，美发，纹绣，美甲，中医理疗课程，个人形象设计， 即送“开学豪礼”，欢迎大家致电骚扰！不论你报单科，还是双科，我们都送工具，另外还加送美睫课程，让你学到赚到美到！学校提供住宿，外地的朋友不用担心。地址：湖北省武汉市洪山区珞瑜路湖北省通讯管理局一楼(商务华乐中心正对面)联系人：杨老师 13071241876（微信同号）工作地址武汉市洪山区珞瑜路789号省通信管理局一楼（华乐商务中心对面）职位标签公司产品福利，岗前培训，化妆美容美发美甲纹绣中医，湖北，十堰联系方式我要应聘,1569349,480860
美容店长,广州市海珠区艺苑路珠江帝景国颐堂养发馆,  [,关小姐（联系我时请说明在“138美容人才网”看到的招聘信息）,http://www.138job.com/ShowPhone.aspx?v=8C5B20C2CDA94AFA4D68786821CDE33B,"美容店长招聘职位要求是否出差：无需出差岗位职责:1、负责门店的经营管理，完成每月的业绩目标；2、负责门店员工的培训、排班、员工激励；3、管理客户资源及带领团队开拓新客户；4、负责与总部沟通，为门店争取更多的资源。任职资格:1、积极上进，热诚用心，品质优秀，有五年以上的团 队管理经验；2、认同养发的前景，愿意与公司一起成长",2303442,466642
养发师,广州市海珠区艺苑路珠江帝景国颐堂养发馆,  [,关小姐（联系我时请说明在“138美容人才网”看到的招聘信息）,http://www.138job.com/ShowPhone.aspx?v=8C5B20C2CDA94AFA4D68786821CDE33B,"养发师招聘职位要求是否出差：无需出差职责说明：1、负责为美发沙龙客人提供专业的美发服务；2、讲究职业道德，做到文明服务，保持美发的高水准服务，维护店面声誉；3、定期建立贵宾及常客档案，了解他(她)们的爱好、要求及发质的特性，以便更好地提供服务；4、完成店长安排的其他工作。职位要求：1、3年以上工作经验，美发专业技术娴熟，能独立完成各种发型的设计；2、个人形象好，仪表大方，沟通能力强；3、吃苦耐劳，爱岗敬业，具备良好的职业素质。",2303442,466687
店长,杭州陌香贸易有限公司,悠悠老,杭州市 西湖区 文三西路29-1 ,http://www.138job.com/ShowPhone.aspx?v=2276E1ADF381EDB88BDBFF08960679BC,"店长招聘职位要求是否出差：无需出差职责说明：1、解释本美容院的服务意识，培育店员的敬业精神，合理使用人才。2、制定工作计划，分工明确，协助店员达成目标以及提升店员的技术和销售能力。3、分析顾客的意见，解释服务目标及标准，与其他员工共同制定改善服务的方法，以身作则，执行服务承诺4、定期了解客源拓展情况和市场竞争动态，并分析形势，制定对策。5、订立公正、合理、有效的奖罚制度，协调店员之间的关系，维护良好的纪律。6、督导日常工作，保证美容院各环节的正常营运。7、选择优质的产品为顾客服务，确保产品效果良好，质量稳定，物有所值。8、定期培训员工，以提高服务素质。职位要求：1、女性，年龄25岁-38岁，五官端正，形象大方，气质良好，具有管理魄力及亲和力； 2、具备美容师高级劳动资格认证或相当于高级美容师资格； 3、认真负责、诚心敬业、踏实肯干； 4、具有一定的职业技能，熟悉美容业的经营与运作模式； 5、具有良好的业务能力、营销能力、指导能力及协调能力； 6、有美容院管理经验者优先。",632014,485680
美发助理,海悦美容保健会所,王小姐,珠海市珠海大道一号华发新城商业街110号 ,http://www.138job.com/ShowPhone.aspx?v=F6BEACAFF6D4045B3DF5A68520D56702,"美发助理招聘职位要求是否出差：无需出差职责说明：透过对人的面部、头部、颈部、肩部等穴位和经络的充分按摩，达到舒筋活血的功效，使头皮、毛囊、毛细血管恢复并增加活力，达到护发养发的目的。职位要求：1、具有相关养发和护理经验者，掌握基本的养发护理知识；2、个人形象好，服务意识强，仪表大方，发质健康，善于沟通。",829535,207273
养发师,海悦美容保健会所,王小姐,珠海市珠海大道一号华发新城商业街110号 ,http://www.138job.com/ShowPhone.aspx?v=F6BEACAFF6D4045B3DF5A68520D56702,"养发师招聘职位要求是否出差：无需出差职责说明：透过对人的面部、头部、颈部、肩部等穴位和经络的充分按摩，达到舒筋活血的功效，使头皮、毛囊、毛细血管恢复并增加活力，达到护发养发的目的。职位要求：1、具有相关养发和护理经验者，掌握基本的养发护理知识；2、个人形象好，服务意识强，仪表大方，发质健康，善于沟通。",829535,215725
美发助理（招学徒）,海悦美容保健会所,王小姐,珠海市珠海大道一号华发新城商业街110号 ,http://www.138job.com/ShowPhone.aspx?v=F6BEACAFF6D4045B3DF5A68520D56702,"美发助理（招学徒）招聘职位要求是否出差：无需出差职责说明：美发助理主要负责协助美发师的发型设计工作。包括为顾客提供洗头、烫染操作等。职位要求：1、善于洗发、护发、染烫等，具有较强的沟通能力和销售意识。2、有良好的执行力，能较好的协助发型师为顾客提供更好的服务。3、热爱美发行业，能吃苦耐劳，有学习上进心，有团队精神，服从安排；4、有工作经验者从优。",829535,207274
店长,贵阳胜美美业化妆品有限公司,刘小姐,南明区花果园Q区财富广场7号1单元32胜美美业,http://www.138job.com/ShowPhone.aspx?v=E0BF040BEF8A77FAB5CCA141A51E3825,职位要求职位名称：店长是否出差：无需出差职位要求职位名称：高薪诚聘店长月薪10000~14999元是否出差：无需出差1、 形像气质佳，有美容或化妆品行业2年以上工作经验(能力突出者可无行业工作经验)；2、销售能力强，有强烈销售欲望，喜欢销售；3. 沟通能力强，语言表达能力良好;4、 有一定的上进心和挑战高薪的欲望；5、 团队合作能力强，能承受一定的压力;6、能组建团队者优先。公司目前处于快速发展阶段，大量需要优秀美容行业人才加盟，公司能为您提供：企业背景：苗姿专业养生减肥，成立于2002年，在全国700家加盟店，今年全力打造3000家，需要更多的人才加入。稳定丰厚薪资：平均月薪10000--30000元，该岗位2015年平均月薪12000元，一年以上员工平均月薪10000元，40%员工月薪过万元。无责任底薪（随级别增长）+高额无上限销售提成（领先市场提成比例）+各项福利奖金等。人性化福利待遇：1、缴纳保险；2、免费提供住宿；3、免费提供岗位知识培训（聘请专业销售讲师，每1个月/次）；4、业内最高底薪+公司股份；5、岗位晋升；专业培训体系：公司免费提供各项系统培训（相关产品+销售技巧+心态专业培训）透明的晋升空间：无年龄、年资限制，业绩代表一切，实行公平公正的晋升制度。（见习店长→店长→经理→总监）联系我们符合上述任职条件者请在周一到周六9：30―17：30至公司面试公司本着就近分配原则，给予员工更加贴心福利。快来加入我们吧！让我们一同成长。职位标签职位标签星期日休息，公司产品福利，岗前培训，店长，贵州，贵阳联系方式我要应聘,2108074,466385
店长,贵阳胜美美业化妆品有限公司,刘小姐,南明区花果园Q区财富广场7号1单元32胜美美业,http://www.138job.com/ShowPhone.aspx?v=E0BF040BEF8A77FAB5CCA141A51E3825,职位要求职位名称：店长是否出差：无需出差职位要求职位名称：高薪诚聘店长月薪10000~14999元是否出差：无需出差1、 形像气质佳，有美容或化妆品行业2年以上工作经验(能力突出者可无行业工作经验)；2、销售能力强，有强烈销售欲望，喜欢销售；3. 沟通能力强，语言表达能力良好;4、 有一定的上进心和挑战高薪的欲望；5、 团队合作能力强，能承受一定的压力;6、能组建团队者优先。公司目前处于快速发展阶段，大量需要优秀美容行业人才加盟，公司能为您提供：企业背景：苗姿专业养生减肥，成立于2002年，在全国700家加盟店，今年全力打造3000家，需要更多的人才加入。稳定丰厚薪资：平均月薪10000--30000元，该岗位2015年平均月薪12000元，一年以上员工平均月薪10000元，40%员工月薪过万元。无责任底薪（随级别增长）+高额无上限销售提成（领先市场提成比例）+各项福利奖金等。人性化福利待遇：1、缴纳保险；2、免费提供住宿；3、免费提供岗位知识培训（聘请专业销售讲师，每1个月/次）；4、业内最高底薪+公司股份；5、岗位晋升；专业培训体系：公司免费提供各项系统培训（相关产品+销售技巧+心态专业培训）透明的晋升空间：无年龄、年资限制，业绩代表一切，实行公平公正的晋升制度。（见习店长→店长→经理→总监）联系我们符合上述任职条件者请在周一到周六9：30―17：30至公司面试公司本着就近分配原则，给予员工更加贴心福利。快来加入我们吧！让我们一同成长。职位标签职位标签星期日休息，公司产品福利，岗前培训，店长，重庆，江北区联系方式我要应聘,2108074,466386
店长,贵阳胜美美业化妆品有限公司,刘小姐,南明区花果园Q区财富广场7号1单元32胜美美业,http://www.138job.com/ShowPhone.aspx?v=E0BF040BEF8A77FAB5CCA141A51E3825,职位要求职位名称：店长是否出差：无需出差职位要求职位名称：高薪诚聘店长月薪10000~14999元是否出差：无需出差1、 形像气质佳，有美容或化妆品行业2年以上工作经验(能力突出者可无行业工作经验)；2、销售能力强，有强烈销售欲望，喜欢销售；3. 沟通能力强，语言表达能力良好;4、 有一定的上进心和挑战高薪的欲望；5、 团队合作能力强，能承受一定的压力;6、能组建团队者优先。公司目前处于快速发展阶段，大量需要优秀美容行业人才加盟，公司能为您提供：企业背景：苗姿专业养生减肥，成立于2002年，在全国700家加盟店，今年全力打造3000家，需要更多的人才加入。稳定丰厚薪资：平均月薪10000--30000元，该岗位2015年平均月薪12000元，一年以上员工平均月薪10000元，40%员工月薪过万元。无责任底薪（随级别增长）+高额无上限销售提成（领先市场提成比例）+各项福利奖金等。人性化福利待遇：1、缴纳保险；2、免费提供住宿；3、免费提供岗位知识培训（聘请专业销售讲师，每1个月/次）；4、业内最高底薪+公司股份；5、岗位晋升；专业培训体系：公司免费提供各项系统培训（相关产品+销售技巧+心态专业培训）透明的晋升空间：无年龄、年资限制，业绩代表一切，实行公平公正的晋升制度。（见习店长→店长→经理→总监）联系我们符合上述任职条件者请在周一到周六9：30―17：30至公司面试公司本着就近分配原则，给予员工更加贴心福利。快来加入我们吧！让我们一同成长。职位标签职位标签星期日休息，公司产品福利，岗前培训，店长，重庆，大渡口区联系方式我要应聘,2108074,466387
店长,贵阳胜美美业化妆品有限公司,刘小姐,南明区花果园Q区财富广场7号1单元32胜美美业,http://www.138job.com/ShowPhone.aspx?v=E0BF040BEF8A77FAB5CCA141A51E3825,职位要求职位名称：店长是否出差：无需出差职位要求职位名称：高薪诚聘店长月薪10000~14999元是否出差：无需出差1、 形像气质佳，有美容或化妆品行业2年以上工作经验(能力突出者可无行业工作经验)；2、销售能力强，有强烈销售欲望，喜欢销售；3. 沟通能力强，语言表达能力良好;4、 有一定的上进心和挑战高薪的欲望；5、 团队合作能力强，能承受一定的压力;6、能组建团队者优先。公司目前处于快速发展阶段，大量需要优秀美容行业人才加盟，公司能为您提供：企业背景：苗姿专业养生减肥，成立于2002年，在全国700家加盟店，今年全力打造3000家，需要更多的人才加入。稳定丰厚薪资：平均月薪10000--30000元，该岗位2015年平均月薪12000元，一年以上员工平均月薪10000元，40%员工月薪过万元。无责任底薪（随级别增长）+高额无上限销售提成（领先市场提成比例）+各项福利奖金等。人性化福利待遇：1、缴纳保险；2、免费提供住宿；3、免费提供岗位知识培训（聘请专业销售讲师，每1个月/次）；4、业内最高底薪+公司股份；5、岗位晋升；专业培训体系：公司免费提供各项系统培训（相关产品+销售技巧+心态专业培训）透明的晋升空间：无年龄、年资限制，业绩代表一切，实行公平公正的晋升制度。（见习店长→店长→经理→总监）联系我们符合上述任职条件者请在周一到周六9：30―17：30至公司面试公司本着就近分配原则，给予员工更加贴心福利。快来加入我们吧！让我们一同成长。职位标签职位标签星期日休息，公司产品福利，岗前培训，店长，山西，太原联系方式我要应聘,2108074,466389
店长,贵阳胜美美业化妆品有限公司,刘小姐,南明区花果园Q区财富广场7号1单元32胜美美业,http://www.138job.com/ShowPhone.aspx?v=E0BF040BEF8A77FAB5CCA141A51E3825,职位要求职位名称：店长是否出差：无需出差职位要求职位名称：高薪诚聘店长月薪10000~14999元是否出差：无需出差1、 形像气质佳，有美容或化妆品行业2年以上工作经验(能力突出者可无行业工作经验)；2、销售能力强，有强烈销售欲望，喜欢销售；3. 沟通能力强，语言表达能力良好;4、 有一定的上进心和挑战高薪的欲望；5、 团队合作能力强，能承受一定的压力;6、能组建团队者优先。公司目前处于快速发展阶段，大量需要优秀美容行业人才加盟，公司能为您提供：企业背景：苗姿专业养生减肥，成立于2002年，在全国700家加盟店，今年全力打造3000家，需要更多的人才加入。稳定丰厚薪资：平均月薪10000--30000元，该岗位2015年平均月薪12000元，一年以上员工平均月薪10000元，40%员工月薪过万元。无责任底薪（随级别增长）+高额无上限销售提成（领先市场提成比例）+各项福利奖金等。人性化福利待遇：1、缴纳保险；2、免费提供住宿；3、免费提供岗位知识培训（聘请专业销售讲师，每1个月/次）；4、业内最高底薪+公司股份；5、岗位晋升；专业培训体系：公司免费提供各项系统培训（相关产品+销售技巧+心态专业培训）透明的晋升空间：无年龄、年资限制，业绩代表一切，实行公平公正的晋升制度。（见习店长→店长→经理→总监）联系我们符合上述任职条件者请在周一到周六9：30―17：30至公司面试公司本着就近分配原则，给予员工更加贴心福利。快来加入我们吧！让我们一同成长。职位标签职位标签星期日休息，公司产品福利，岗前培训，店长，四川，成都联系方式我要应聘,2108074,466388
总监,宁波微希美容养生馆,钟经理,宁波海曙区天一豪景B座910室 ,http://www.138job.com/ShowPhone.aspx?v=F04BF968E68DA5D90BF4BFF419018351,"总监招聘职位要求是否出差：无需出差职责说明：1、制定公司培训工作规范、流程和培训方案。2、开发培训课程，编制培训课件和建立企业培训资料库。3、负责集团专业技术完善、提升。4、负责对培训老师管理及考核。5、跟进培训工作效果对培训工作进行改进。职位要求：1、要求精通美容手法，专业知识强。2、能够独立创作美容企业需要的技术工作流程，能够独立编写培训及授课教案。3、热爱美容，形象佳，有丰富的授课及培训经验。4、具有较好的团队组织、协调及管理能力。5、有同职位两年以上的工作经验。",940930,467527
总监,宁波微希美容养生馆,钟经理,宁波海曙区天一豪景B座910室 ,http://www.138job.com/ShowPhone.aspx?v=F04BF968E68DA5D90BF4BFF419018351,"总监招聘职位要求是否出差：无需出差职责说明：1、制定公司培训工作规范、流程和培训方案。2、开发培训课程，编制培训课件和建立企业培训资料库。3、负责集团专业技术完善、提升。4、负责对培训老师管理及考核。5、跟进培训工作效果对培训工作进行改进。职位要求：1、要求精通美容手法，专业知识强。2、能够独立创作美容企业需要的技术工作流程，能够独立编写培训及授课教案。3、热爱美容，形象佳，有丰富的授课及培训经验。4、具有较好的团队组织、协调及管理能力。5、有同职位两年以上的工作经验。",940930,467528
总监,宁波微希美容养生馆,钟经理,宁波海曙区天一豪景B座910室 ,http://www.138job.com/ShowPhone.aspx?v=F04BF968E68DA5D90BF4BFF419018351,"总监招聘职位要求是否出差：无需出差职责说明：1、制定公司培训工作规范、流程和培训方案。2、开发培训课程，编制培训课件和建立企业培训资料库。3、负责集团专业技术完善、提升。4、负责对培训老师管理及考核。5、跟进培训工作效果对培训工作进行改进。职位要求：1、要求精通美容手法，专业知识强。2、能够独立创作美容企业需要的技术工作流程，能够独立编写培训及授课教案。3、热爱美容，形象佳，有丰富的授课及培训经验。4、具有较好的团队组织、协调及管理能力。5、有同职位两年以上的工作经验。",940930,467526
店长,北京元吉大德商贸有限公司,宋经理,朝阳区三里屯 ,http://www.138job.com/ShowPhone.aspx?v=1140D46981311E8CDF6A1D335531F3DD,"店长招聘职位要求是否出差：无需出差职责说明：1、解释本美容院的服务意识，培育店员的敬业精神，合理使用人才。2、制定工作计划，分工明确，协助店员达成目标以及提升店员的技术和销售能力。3、分析顾客的意见，解释服务目标及标准，与其他员工共同制定改善服务的方法，以身作则，执行服务承诺4、定期了解客源拓展情况和市场竞争动态，并分析形势，制定对策。5、订立公正、合理、有效的奖罚制度，协调店员之间的关系，维护良好的纪律。6、督导日常工作，保证美容院各环节的正常营运。7、选择优质的产品为顾客服务，确保产品效果良好，质量稳定，物有所值。8、定期培训员工，以提高服务素质。职位要求：1、女性，年龄25岁-38岁，五官端正，形象大方，气质良好，具有管理魄力及亲和力； 2、具备美容师高级劳动资格认证或相当于高级美容师资格； 3、认真负责、诚心敬业、踏实肯干； 4、具有一定的职业技能，熟悉美容业的经营与运作模式； 5、具有良好的业务能力、营销能力、指导能力及协调能力； 6、有美容院管理经验者优先。",2107369,470344
养发师,琉璃时光SPA国际连锁机构,htt,深圳市南山区蛇口金世纪南路南海玫瑰园7号铺琉璃时光 ,http://www.138job.com/ShowPhone.aspx?v=7169E660656DD110542B8A6A5BFAAE42,职位要求职位名称：养发师是否出差：无需出差职责说明：透过对人的面部、头部、颈部、肩部等穴位和经络的充分按摩，达到舒筋活血的功效，使头皮、毛囊、毛细血管恢复并增加活力，达到护发养发的目的。职位要求：1、具有相关养发和护理经验者，掌握基本的养发护理知识；2、个人形象好，服务意识强，仪表大方，发质健康，善于沟通。职位标签提供饭餐，星期日休息，公司产品福利，岗前培训，养发师，广东，深圳联系方式,86223,470062
店长,丝康源（北京）投资管理有限公司,liu,西安南门中贸广场5号楼 ,http://www.138job.com/ShowPhone.aspx?v=A0B237D593D10AF84904E94B3D9E1C53,职位要求职位名称：店长是否出差：不定时出差职责说明：1、负责美容、美发店里面员工的整体管理，包括指导员工的技术操作、记录顾客的反馈情况等。2、制定切合店铺实际的工作计划，并将工作目标具体分解到每个部门以及每个员工，定期跟进目标的达成情况，及时纠正工作中存在的各种问题。职位要求：1、具备3-4年的管理经验，曾在连锁沙龙做过管理工作，懂得美容、美发店店务管理，有较强的管理能力和积极进取精神。2、沟通能力强，亲和力好，能够创造良好的交流气氛，有应急突发事件的能力。职位标签岗前培训，店长，陕西联系方式我要应聘,1458145,426652
培训总监,广州傲兰化妆品有限公司,潘小姐,广州白云区新市齐富路金富大厦813 ,http://www.138job.com/ShowPhone.aspx?v=FD1DD6814C9B773202EFEBC67FC76F45,"培训总监招聘职位要求是否出差：无需出差职责说明：1、制定公司培训工作规范、流程和培训方案。2、开发培训课程，编制培训课件和建立企业培训资料库。3、负责集团专业技术完善、提升。4、负责对培训老师管理及考核。5、跟进培训工作效果对培训工作进行改进。职位要求：1、要求精通美容手法，专业知识强。2、能够独立创作美容企业需要的技术工作流程，能够独立编写培训及授课教案。3、热爱美容，形象佳，有丰富的授课及培训经验。4、具有较好的团队组织、协调及管理能力。5、有同职位两年以上的工作经验。",1145170,321133
光电项目部经理（广州、佛山、厦门、福州、成都）,珠海市荣尚企业管理有限公司,人力资,珠海市香洲区南屏科技园屏西五路3号 ,http://www.138job.com/ShowPhone.aspx?v=5C64D661DFAAB0AD9FEA8B7781E13ED24C4A4AB3F71F526A,"光电项目部经理（广州、佛山、厦门、福州、成都）招聘职位要求是否出差：无需出差岗位职责：1、负责公司光电项目部的营销工作；2、负责公司光电项目部的管理工作。任职要求：1、有3-5年美容、养发、保健等行业营销经理岗位工作经验；2、沟通能力、销售能力好；3、对光电项目了解。4、男女不限。福利待遇：1、工作环境好；2、薪资：底薪+提成，年薪约20-100万，薪资上不封顶。3、包住、有餐补。4、买社保、意外险。工作地点：广州、佛山、厦门、福州、成都，担任光电项目部负责人。",2093164,474736
光电项目部经理（广州、佛山、厦门、福州、成都）,珠海市荣尚企业管理有限公司,人力资,珠海市香洲区南屏科技园屏西五路3号 ,http://www.138job.com/ShowPhone.aspx?v=5C64D661DFAAB0AD9FEA8B7781E13ED24C4A4AB3F71F526A,"光电项目部经理（广州、佛山、厦门、福州、成都）招聘职位要求是否出差：无需出差岗位职责：1、负责公司光电项目部的营销工作；2、负责公司光电项目部的管理工作。任职要求：1、有3-5年美容、养发、保健等行业营销经理岗位工作经验；2、沟通能力、销售能力好；3、对光电项目了解。4、男女不限。福利待遇：1、工作环境好；2、薪资：底薪+提成，年薪约20-100万，薪资上不封顶。3、包住、有餐补。4、买社保、意外险。工作地点：广州、佛山、厦门、福州、成都，担任光电项目部负责人。",2093164,474738
光电项目部经理（广州、佛山、厦门、福州、成都）,珠海市荣尚企业管理有限公司,人力资,珠海市香洲区南屏科技园屏西五路3号 ,http://www.138job.com/ShowPhone.aspx?v=5C64D661DFAAB0ADB0DFCCBEDBC45E9B87F4B9164CDA8A29,"光电项目部经理（广州、佛山、厦门、福州、成都）招聘职位要求是否出差：无需出差岗位职责：1、负责公司光电项目部的营销工作；2、负责公司光电项目部的管理工作。任职要求：1、有3-5年美容、养发、保健等行业营销经理岗位工作经验；2、沟通能力、销售能力好；3、对光电项目了解。4、男女不限。福利待遇：1、工作环境好；2、薪资：底薪+提成，年薪约20-100万，薪资上不封顶。3、包住、有餐补。4、买社保、意外险。工作地点：广州、佛山、厦门、福州、成都，担任光电项目部负责人。",2093164,474739
光电项目部经理（广州、佛山、厦门、福州、成都）,珠海市荣尚企业管理有限公司,人力资,珠海市香洲区南屏科技园屏西五路3号 ,http://www.138job.com/ShowPhone.aspx?v=5C64D661DFAAB0AD9FEA8B7781E13ED24C4A4AB3F71F526A,"光电项目部经理（广州、佛山、厦门、福州、成都）招聘职位要求是否出差：无需出差岗位职责：1、负责公司光电项目部的营销工作；2、负责公司光电项目部的管理工作。任职要求：1、有3-5年美容、养发、保健等行业营销经理岗位工作经验；2、沟通能力、销售能力好；3、对光电项目了解。4、男女不限。福利待遇：1、工作环境好；2、薪资：底薪+提成，年薪约20-100万，薪资上不封顶。3、包住、有餐补。4、买社保、意外险。工作地点：广州、佛山、厦门、福州、成都，担任光电项目部负责人。",2093164,474737
美容美发,广州新思赏美容美发连锁机构,杨先生,广州市天河区东圃天河广场会所一楼，中山大道268号，东圃大马路旁。  2：广州市黄埔区丰乐中路3,http://www.138job.com/ShowPhone.aspx?v=DF856470149818ADB506B48273937F39,"美容美发招聘职位要求是否出差：无需出差积极乐观。有上进心，团队凝聚力。",1238559,484634
培训总监,广州美携生物科技有限公司,唐先生,广州市白云区新市镇黄石路口方圆白云时光大厦919室,http://www.138job.com/ShowPhone.aspx?v=5413D7BDF5D56E8FF3CC8A40B1B55BE2,"培训总监招聘职位要求是否出差：不定时出差职责说明：1、制定公司培训工作规范、流程和培训方案。2、开发培训课程，编制培训课件和建立企业培训资料库。3、负责集团专业技术完善、提升。4、负责对培训老师管理及考核。5、跟进培训工作效果对培训工作进行改进。职位要求：1、要求精通美容手法，专业知识强。2、能够独立创作美容企业需要的技术工作流程，能够独立编写培训及授课教案。3、热爱美容，形象佳，有丰富的授课及培训经验。4、具有较好的团队组织、协调及管理能力。5、有同职位两年以上的工作经验。",836996,473866
培训讲师,珠海市荣尚企业管理有限公司,人力资,珠海市香洲区南屏科技园屏西五路3号 (519000) ,http://www.138job.com/ShowPhone.aspx?v=AAC8664D40CD1077D59257C2A7EA7BBB,"培训讲师招聘职位要求是否出差：无需出差任职要求： 1、男女不限，3年以上同等岗位工作经验。 2、认真负责，责任心强，良好的沟通和协调能力。3、熟悉操作办公软件。岗位要求：1、具备优秀的演讲能力和授课能力，书面表达能力强。 2、精通并熟练掌握中医、美容、美发护发等方面的知识，有丰富的授课题材和课件，能够独立完成专业培训经验者优先。3、独立编写各种培训操作说明、培训流程，确保培训流程明确，培训资料完善。4、为公司新学员耐心讲解，进行产品、服务及操作手法的培训。5、体貌端正，职业形象好。",2093164,465077
养发养生理疗师,珠海市荣尚企业管理有限公司,人力资,珠海市香洲区南屏科技园屏西五路3号 ,http://www.138job.com/ShowPhone.aspx?v=5C64D661DFAAB0AD9FEA8B7781E13ED24C4A4AB3F71F526A,"养发养生理疗师招聘职位要求是否出差：无需出差学徒招生`:招聘有志于从事养发行业的有为青年。1、要求：初中以上学历、性别不限，年龄在16-25岁，品行端正的青年；2、我们从全国各地招聘人才，公司提供上岗前免费培训15天，路费、住宿费及伙食费在养发馆工作满6个月后由公司报销；培训合格后安排到全国各地的养发馆工作，养发馆环境好。3、薪资及福利待遇：底薪+提成，新入职4个月内保底薪资1万元，包住,餐补每月300元。4个月后按照：底薪+提成领取月薪工资，正常做3000-4000左右，认真做5000-6000左右，努力做8000有余，当自己的事情做月薪10000不止。公司员工都有机会成为公司的股东。每年公司安排优秀员工及店长出国游。",2093164,472142
养发养生理疗师,珠海市荣尚企业管理有限公司,人力资,珠海市香洲区南屏科技园屏西五路3号 ,http://www.138job.com/ShowPhone.aspx?v=AAC8664D40CD1077D59257C2A7EA7BBB,"养发养生理疗师招聘职位要求是否出差：无需出差学徒招生`:招聘有志于从事养发行业的有为青年。1、要求：初中以上学历、性别不限，年龄在16-25岁，品行端正的青年；2、我们从全国各地招聘人才，公司提供上岗前免费培训15天，路费、住宿费及伙食费在养发馆工作满6个月后由公司报销；培训合格后安排到全国各地的养发馆工作，养发馆环境好。3、薪资及福利待遇：底薪+提成，新入职4个月内保底薪资1万元，包住,餐补每月300元。4个月后按照：底薪+提成领取月薪工资，正常做3000-4000左右，认真做5000-6000左右，努力做8000有余，当自己的事情做月薪10000不止。公司员工都有机会成为公司的股东。每年公司安排优秀员工及店长出国游。",2093164,472144
养发养生理疗师,珠海市荣尚企业管理有限公司,人力资,珠海市香洲区南屏科技园屏西五路3号 ,http://www.138job.com/ShowPhone.aspx?v=AAC8664D40CD1077D59257C2A7EA7BBB,"养发养生理疗师招聘职位要求是否出差：无需出差学徒招生`:招聘有志于从事养发行业的有为青年。1、要求：初中以上学历、性别不限，年龄在16-25岁，品行端正的青年；2、我们从全国各地招聘人才，公司提供上岗前免费培训15天，路费、住宿费及伙食费在养发馆工作满6个月后由公司报销；培训合格后安排到全国各地的养发馆工作，养发馆环境好。3、薪资及福利待遇：底薪+提成，新入职4个月内保底薪资1万元，包住,餐补每月300元。4个月后按照：底薪+提成领取月薪工资，正常做3000-4000左右，认真做5000-6000左右，努力做8000有余，当自己的事情做月薪10000不止。公司员工都有机会成为公司的股东。每年公司安排优秀员工及店长出国游。",2093164,472145
养发养生理疗师,珠海市荣尚企业管理有限公司,人力资,珠海市香洲区南屏科技园屏西五路3号 ,http://www.138job.com/ShowPhone.aspx?v=AAC8664D40CD1077D59257C2A7EA7BBB,"养发养生理疗师招聘职位要求是否出差：无需出差学徒招生`:招聘有志于从事养发行业的有为青年。1、要求：初中以上学历、性别不限，年龄在16-25岁，品行端正的青年；2、我们从全国各地招聘人才，公司提供上岗前免费培训15天，路费、住宿费及伙食费在养发馆工作满6个月后由公司报销；培训合格后安排到全国各地的养发馆工作，养发馆环境好。3、薪资及福利待遇：底薪+提成，新入职4个月内保底薪资1万元，包住,餐补每月300元。4个月后按照：底薪+提成领取月薪工资，正常做3000-4000左右，认真做5000-6000左右，努力做8000有余，当自己的事情做月薪10000不止。公司员工都有机会成为公司的股东。每年公司安排优秀员工及店长出国游。",2093164,472146
学徒招生,珠海市荣尚企业管理有限公司,人力资,珠海市香洲区南屏科技园屏西五路3号 ,http://www.138job.com/ShowPhone.aspx?v=AAC8664D40CD1077D59257C2A7EA7BBB,"学徒招生招聘职位要求是否出差：无需出差学徒招生`:招聘有志于从事养发行业的有为青年。1、要求：初中以上学历、性别不限，年龄在16-25岁，品行端正的青年；2、我们从全国各地招聘人才，公司提供上岗前免费培训15天，路费、住宿费及伙食费在养发馆工作满6个月后由公司报销；培训合格后安排到全国各地的养发馆工作，养发馆环境好。3、薪资及福利待遇：底薪+提成，新入职4个月内保底薪资1万元，包住,餐补每月300元。4个月后按照：底薪+提成领取月薪工资，正常做3000-4000左右，认真做5000-6000左右，努力做8000有余，当自己的事情做月薪10000不止。公司员工都有机会成为公司的股东。每年公司安排优秀员工及店长出国游。",2093164,472148
养发养生理疗师,珠海市荣尚企业管理有限公司,人力资,珠海市香洲区南屏科技园屏西五路3号 ,http://www.138job.com/ShowPhone.aspx?v=5C64D661DFAAB0AD9FEA8B7781E13ED24C4A4AB3F71F526A,"养发养生理疗师招聘职位要求是否出差：无需出差学徒招生`:招聘有志于从事养发行业的有为青年。1、要求：初中以上学历、性别不限，年龄在16-25岁，品行端正的青年；2、我们从全国各地招聘人才，公司提供上岗前免费培训15天，路费、住宿费及伙食费在养发馆工作满6个月后由公司报销；培训合格后安排到全国各地的养发馆工作，养发馆环境好。3、薪资及福利待遇：底薪+提成，新入职4个月内保底薪资1万元，包住,餐补每月300元。4个月后按照：底薪+提成领取月薪工资，正常做3000-4000左右，认真做5000-6000左右，努力做8000有余，当自己的事情做月薪10000不止。公司员工都有机会成为公司的股东。每年公司安排优秀员工及店长出国游。",2093164,472143
专柜店长,环通商贸,高先生,深圳市福田区上梅林奥士达大厦A408-409 ,http://www.138job.com/ShowPhone.aspx?v=E01C461B23033C7F9295DF04F0CDBE35,"专柜店长招聘职位要求是否出差：无需出差岗位职责：1、全面主持店面的管理工作，配合总部的各项营销策略的实施；2、执行总部下达的各项任务；3、做好门店各个部门的分工管理工作；4、监督商品的要货、上货、补货，做好进货验收、商品陈列、商品质量和服务质量管理等有关作业；5、掌握门店各种设备的维护保养知识；6、监督门店内外的清洁卫生，负责保卫、防火等作业管理；7、妥善处理顾客投诉和服务工作中所发生的各种矛盾；8、负责对员工的培训教育。任职资格：1、大专及以上学历,男女不限，2、3年以上零售业美容护肤品销售管理工作经验，具有较强的店务管理经验；3、精通团队管理、客户管理、商品管理、陈列管理，物流配送，熟悉店务的各项流程的制定、执行；4、较强的团队管理能力和沟通能力，能够承受较大的工作强度和工作压力；5、年龄35岁以下。",2135206,480202
助理,广州莉菲化妆品有限公司,魏小姐,广州市白云区金钟横路279号汇源公寓15楼 ,http://www.138job.com/ShowPhone.aspx?v=A09DB74E77FC469DAA582CB07A412779,"助理招聘职位要求是否出差：无需出差助理、文员",562923,476442
培训总监,深圳爱氏医疗美容门诊部有限公司,  [,刘小姐（联系我时请说明在“138美容人才网”看到的招聘信息）,http://www.138job.com/ShowPhone.aspx?v=4E8EB6C7F2DD31BB0DD41C96EFC705FC,"培训总监招聘职位要求是否出差：不定时出差职责说明：1、制定公司培训工作规范、流程和培训方案。2、开发培训课程，编制培训课件和建立企业培训资料库。3、负责集团专业技术完善、提升。4、负责对培训老师管理及考核。5、跟进培训工作效果对培训工作进行改进。职位要求：1、要求精通美容手法，专业知识强。2、能够独立创作美容企业需要的技术工作流程，能够独立编写培训及授课教案。3、热爱美容，形象佳，有丰富的授课及培训经验。4、具有较好的团队组织、协调及管理能力。5、有同职位两年以上的工作经验。",2396377,485577
销售,厦门爱弥健康管理有限公司,htt,厦门市鹭江道远洋大厦25楼 ,http://www.138job.com/ShowPhone.aspx?v=D688D297126DC049372D66D2CC3D2399,职位要求职位名称：销售是否出差：无需出差主要负责国际医疗，美容抗衰项目在市场的推广合作，完成销售市场业绩，提升市场品牌占有率。职位标签公司产品福利，岗前培训，不定期户外拓展，法定五险周末双休，销售，福建，厦门联系方式我要应聘,2409784,481113
