大自燃学徒,香港茗泽国际医疗集团有限公司,林先生,广州市番禺区大石地铁B出口we公馆8楼 ,http://www.138job.com/ShowPhone.aspx?v=861040BACF686AC94645029A23E811CA,"
职位要求
职位名称：大自燃学徒
是否出差：不定时出差
职责说明：1、美容学员在美容院经过一段时间的锻炼和学习后，就成为见习美容师，开始给顾客提供美容护理服务。2、见习美容师经过一段时间实际的手法操练，再成为一名真正的美容师。职位要求：1、手法娴熟，有责任心。2、对工作热情，服务意识强。3、具有销售，推广经验或已取得美容证书者优先。职位标签星期日休息，公司产品福利，岗前培训，不需要工作经验，月薪过万，提供住宿，多劳多得(底薪+提成)，大自燃学徒，广东，广州
联系方式

我要应聘
",2112401,477200
大自燃学徒,香港茗泽国际医疗集团有限公司,林先生,广州市番禺区大石地铁B出口we公馆8楼 ,http://www.138job.com/ShowPhone.aspx?v=861040BACF686AC94645029A23E811CA,职位要求职位名称：大自燃学徒是否出差：不定时出差职责说明：1、美容学员在美容院经过一段时间的锻炼和学习后，就成为见习美容师，开始给顾客提供美容护理服务。2、见习美容师经过一段时间实际的手法操练，再成为一名真正的美容师。职位要求：1、手法娴熟，有责任心。2、对工作热情，服务意识强。3、具有销售，推广经验或已取得美容证书者优先。职位标签星期日休息，公司产品福利，岗前培训，不需要工作经验，月薪过万，提供住宿，多劳多得(底薪+提成)，大自燃学徒，广东，广州联系方式我要应聘,2112401,477200
美容师,深圳市恒颜纤体养生有限公司,谭经理,地址为龙华新区民治星河盛世cococity2楼地铁站: 4号线白石龙地铁（还需要走路10分钟左右）公交车站:慧鑫公寓,http://www.138job.com/ShowPhone.aspx?v=E5D26FDC77D20FF26B58B02DD2CFACF5,"
美容师招聘职位要求
是否出差：无需出差

1.为顾客提供皮肤护理，美容养生服务。2.熟悉各种美容用品用具的性能，特点和使用方法，掌握工具物品的消毒知识。3.学习产品知识和专业技术，不断提高自身职业素质和技能。任职要求：1. 一年以上工作经验，专业手法熟练流畅，熟练掌握美容养生的专业理论知识。2.有良好的服务理念，主动地服务意识，有责任感，吃苦耐劳。3.沟通能力强，诚信开朗，作风正派。

",2088222,451248
美容师,深圳市恒颜纤体养生有限公司,谭经理,地址为龙华新区民治星河盛世cococity2楼地铁站: 4号线白石龙地铁（还需要走路10分钟左右）公交车站:慧鑫公寓,http://www.138job.com/ShowPhone.aspx?v=E5D26FDC77D20FF26B58B02DD2CFACF5,"美容师招聘职位要求是否出差：无需出差1.为顾客提供皮肤护理，美容养生服务。2.熟悉各种美容用品用具的性能，特点和使用方法，掌握工具物品的消毒知识。3.学习产品知识和专业技术，不断提高自身职业素质和技能。任职要求：1. 一年以上工作经验，专业手法熟练流畅，熟练掌握美容养生的专业理论知识。2.有良好的服务理念，主动地服务意识，有责任感，吃苦耐劳。3.沟通能力强，诚信开朗，作风正派。",2088222,451248
美甲师,上海PrincessAddiction,---,---,---,"美甲师招聘职位要求是否出差：无需出差有经验，热爱美甲事业的人刚刚学完也可，主要能耐心，善于沟通",106261,40378
美甲师,广州逸景翠园美甲店,---,---,---,"美甲师招聘职位要求是否出差：无需出差本人准备投入一批资金开小区式美甲店此店是第一间。有经验的美甲师在新店开后将成为店长，将实行类承包制每月回收一定款项后其余由店长自行分配，利润为自身努力所得，有意者请从速与我联系！",105247,36442
美甲员,广州逸景翠园美甲店,---,---,---,"美甲员招聘职位要求是否出差：无需出差本人准备投入一批资金开小区式美甲店此店是第一间。有经验的美甲师在新店开后将成为店长，将实行类承包制每月回收一定款项后其余由店长自行分配，利润为自身努力所得，有意者请从速与我联系！",105247,36530
医美咨询师 医美专家 光电操作师,南京韵旭商贸有限公司,王经理,南京市玄武区红山路常发广场3栋815室,http://www.138job.com/ShowPhone.aspx?v=D71CCD3C180657BBBB47B91BFC9FDC22,"医美咨询师医美专家光电操作师招聘职位要求是否出差：不定时出差工作内容1.全面掌握美容的专业知识和产品知识，熟练操作。 2. 对公司加盟店进行产品知识，手法技能等相关知识的培训 3. 协助加盟店开展开业前筹备，宣传及驻点扶持。 4. 对加盟店开展技术和销售培训，提升加盟店业绩。5.搜集同类产品信息反馈个人要求 1， 1年以上医疗美容机构咨询相关工作经历，形象佳，沟通能力强，亲和力强。 ,2，年龄23-39之间，中专学历 以上，男士优先",474544,469937
养生专家,南京韵旭商贸有限公司,王经理,南京市玄武区红山路常发广场3栋815室,http://www.138job.com/ShowPhone.aspx?v=D71CCD3C180657BBBB47B91BFC9FDC22,"养生专家招聘职位要求是否出差：不定时出差1、负责培训公司员工关于养生方面的专业技能，完成培训及现场授课工作。2、配合合作店铺活动时期下单坐诊，为客户提供专业咨询及养身调理。3、协助开展健康讲座、健康沙龙、养生之旅活动。4、中专以上学历，医学保健、中医、营养学等专业优先；男女不限，年龄25-45之间，形象良好，亲和力强。5、有一年以上中医养生、保健行业管理工作经验为佳。",474544,415404
教育总监,南京韵旭商贸有限公司,王经理,南京玄武区红山路88号，常发广场3号楼八层,http://www.138job.com/ShowPhone.aspx?v=D71CCD3C180657BBBB47B91BFC9FDC22,"教育总监招聘职位要求是否出差：不定时出差职责说明：配合公司安排的各项专业咨询工作，负责培训合作代理加盟店关于养生方面的专业技能，完成培训及现场授课工作。懂得运用养生知识来为顾客进行身体的调理，具有养生产品的市场推广经验。职位要求：1、有多年中医养生经验。具备深厚的皮肤医学常识、中医养生等基本知识和技能，为顾客进行身体健康的调理，缓解身体的亚健康状态；2、具备良好语言表达能力以及授课能力；3、具有养生产品的市场推广经验、中医医学专业文凭或者有中医养生馆相关工作经验者优先考虑。",474544,353572
专家老师,广州优莎生物科技有限公司,朱小姐,广州天河区珠江新城保利克洛维中景大厦A座1716   乘车路线：地铁到体育西站G出口往前直走过隧道右边即是中景A座或公交车到天河站下即到 ,http://www.138job.com/ShowPhone.aspx?v=90678B9E027ED865E1E7A4966704B998,"专家老师招聘职位要求是否出差：不定时出差职位要求：1、具有高级美容老师/养生专家老师等相关领域从业经历；2、善与沟通交流，语言表达能力强，具有良好的职业素养；3、限女性，年龄在28—45岁之间，能够适应全国出差； 4、医学、护理、美容、市场营销等专业优先；5、操作过高端项目，具备销售能力极强者更佳。",1454581,361916
美容师,湖南惠和美化妆品公司,黄总（,湖南省长沙市开福区湘江世纪城富湾国际5栋803室,http://www.138job.com/ShowPhone.aspx?v=94D562361768AC771A30C501AD64E34F,职位要求职位名称：美容师是否出差：无需出差1、知道顾客的需要。2、评估顾客的消费水平。顾客过去使用的产品对该顾客是否适合，推介产品时作参考。仔细观察顾客的皮肤，确切地了解顾客皮肤的真实情况，以便选用合适产品及美容项目。3、  为每位顾客建立客户个人档案，交上述询问过的资料及客人的护理项目、购买产品详细纪录。4、  详细分析客人皮肤并为客人设计护理课程，并须清晰地让客人了解该课程是针对她哪个皮肤问题，完成该课程能达到哪种改善效果，为客人设计家居护理产品，但只告诉客人若搭配家居护理效果才理想。5、  清晰告诉美容助理及美容师为客人做哪种护理课程？6、  繁忙时，仍应以热情的态度招呼每一位客人，对需要等待的客人，及时送上饮品和杂志。7、  客人做完护理后，让客人稍为休息，并同客人闲谈一下，再为其建议家居护理。8、  为客人开单结账。9、  定期电话跟踪服务，在适当的日子赠送小礼物给客人，保持良好的客情关系。职位标签提供饭餐，星期日休息，公司产品福利，岗前培训，提供住宿，美容师，湖南，长沙联系方式我要应聘,1334974,471277
糖尿病医生,四川寅鼎商贸有限公司,鲜老师,成都市成华区前锋街6号阳光欣园一栋一单元3004,http://www.138job.com/ShowPhone.aspx?v=73A4645D5719098C8D8937F09F007E06,职位要求职位名称：糖尿病医生是否出差：不定时出差职位要求：1.大专以上医学专业学历， 有助理医师证或者医师资格证者优先考虑2.具有高度责任心、严谨的工作态度、较强的综合分析能力，具有较强的学习能力，沟通能力及团队协作能力3.多年糖尿病治疗经验者优先职位标签公司产品福利，岗前培训，一个月休息四天，交通补助话补，糖尿病医生，四川，成都联系方式我要应聘,1545152,455206
美容师,广东科玮生物技术股份有限公司,苏小姐,http://www.cooway.cc,http://www.138job.com/ShowPhone.aspx?v=C4E93D0CEC9EAE37538058D4C14340FF,"美容师招聘职位要求是否出差：无需出差1.热情接待顾客，针对顾客面部的实际情况，推荐合适的护理、治疗方法及产品；2.运用美容技巧，进行清洁皮肤、基面化妆、点妆修饰等相关工序；3.做好环境卫生维护工作；4.做好光子或激光治疗前后的护理工作；5.协助顾客办理相关手续，并做好销售登记工作；6.向客户提供美容方面的知识和建议，耐心解答客户提出的问题；7.完成美容主管安排的其它工作；8.注意仪容仪表和个人卫生。任职要求：1.具有一定的工作经验，接受过专业培训；2.具有中专以上学历和相关从业资资格证书；3.具有良好的职业素质和个人修养；4.具有良好的身体素质；5.具有良好的沟通能力，能够为顾客提供优质服务；6.具有良好的审美意识和对流行趋势的把握能力；7.熟练掌握美容皮肤科的工作流程和操作流程；8.熟练掌握与美容皮肤科相关的法律法规知识；9.熟练掌握美容常识、卫生常识、化妆品的基本知识和相关生理知识等。",1168093,471839
美容师,广东科玮生物技术股份有限公司,邱小姐,http://www.cooway.cc,http://www.138job.com/ShowPhone.aspx?v=6F9E3B7475428C2F534D4AC753E2226E,"美容师招聘职位要求是否出差：无需出差1、负责店内客人的美容美体项目操作；2、熟悉公司产品，为顾客做产品销售讲解；3、做公司产品销售；4、店内其他事物；要求：女性优先，有美容师师基础；",1168093,474042
美容师,香港越美国际股份有限公司·江苏凯丽美业,htt,苏州市广济南路258号百脑汇科技中心9楼919-921 (225009) ,http://www.138job.com/ShowPhone.aspx?v=2C26B9395B1C8561BCADCD78A254BA12,"美容师招聘职位要求是否出差：无需出差美容师招聘职位要求1、负责产品在店内的操作、体验、销售及宣传2、 年龄18－26周岁，女性，初中及以上学历；3、 有一定的语言表达和沟通能力；4、 形象好、皮肤健康，有志于在美容行业中发展的；5、 有工作经验的优先录用，无工作经验可给予免费培训！6、待遇：面议（岗位工资+技能工资+提成+补助+年终奖励等）",547414,425090
美容师,瑞士皇莎柏丽国际（香港）有限公司,陈老师,成都金牛万达甲级A座2003—2005 ,http://www.138job.com/ShowPhone.aspx?v=926DF55F309DF57E27CE028033881CD7,职位要求职位名称：美容师是否出差：无需出差此岗位工作地点：武侯区桐梓林中路3号（凤华苑小区）备注：1000多平米大店薪酬：无责底薪5K+提成   带薪年假15天您有能力，其他要求可以面谈联系人：陈老师  15680570661岗位职责：1.为顾客提供皮肤护理、美容美体服务。2.熟悉美容美体面部及身体养生手法。3.吃苦耐劳，乐观心态，抗压能力强，有良好的团队合作精神。4.保持工作环境的干净整洁。任职要求：1.三年以上美容行业经验以上。25岁以上，成熟稳定。2.形象气质佳，有亲和力，沟通能力强。3.热爱美容行业，具有强烈的责任感和服务意识。职位标签星期日休息，公司产品福利，岗前培训，美容师，四川，成都联系方式我要应聘,1228917,473940
高级坐诊专家,艾美国际集团控股有限公司,htt,上海市闵行区吴中路1079号 灿虹聚富大厦511 (201101) ,http://www.138job.com/ShowPhone.aspx?v=47B1CE28684088065C43CE2ED8374C78,"高级坐诊专家招聘职位要求是否出差：不定时出差职责说明：坐诊医师主要负责配合美容院/会所安排的各项培训和现场销售咨询工作；配合合作方召开终端、招商、内训等会议，完成培训及现场授课工作。职位要求：1、具有良好的个人形象和超强的沟通能力！2、精通激光美容、皮肤科或者女性抗衰老专业知识，有自己特色课程；3、具备中医经络专业特长和技能，具备较强的培训组织、实施能力；4、具备相应的专业线产品市场推广经验，能主讲各类招商会、终端会及培训会；5、有良好的沟通协调能力，具备丰富生动的授课技巧，能独立完培训课程。",1256778,368634
美容师,艾美国际集团控股有限公司,htt,上海市闵行区吴中路1079号 灿虹聚富大厦511 ,http://www.138job.com/ShowPhone.aspx?v=47B1CE28684088065C43CE2ED8374C78,职位要求职位名称：美容师是否出差：无需出差职责说明：1、美容学员在美容院经过一段时间的锻炼和学习后，就成为见习美容师，开始给顾客提供美容护理服务。2、见习美容师经过一段时间实际的手法操练，再成为一名真正的美容师。职位要求：1、手法娴熟，有责任心。2、对工作热情，服务意识强。3、具有销售，推广经验或已取得美容证书者优先。职位标签星期日休息，公司产品福利，岗前培训，提供住宿，多劳多得(底薪+提成)，一年一次的国外游，美容师，上海，闵行区联系方式我要应聘,1256778,488740
养生师,慕伦格尔常州营运中心,戴女士,常州新北万达B座1320-1322 ,http://www.138job.com/ShowPhone.aspx?v=95507B547B06E9B21B9CD6B587010BAD,"养生师招聘职位要求是否出差：无需出差职责说明：负责为客人提供专业的理疗保健服务。职位要求：1、要求掌握有关皮肤的医学常识、生活美容和经络美容等基本知识和技能，懂得运用中医知识来为顾客进行身体健康的调理，缓解身体的亚健康状态，如经络、拔罐、刮痧；2、持有美容师证书者、具备中医医学专业文凭或者有中医养生馆相关工作经验者优先考虑；3、皮肤好，仪表大方，熟悉美容产品和手法；4、吃苦耐劳，具备良好语言表达能力，善于沟通，服务意识强，工作耐心细致。",2409788,481011
脐疗养生师,广州语韵生物科技有限公司,htt,市场部办公地址：番禺洛溪莱茵学院410室  //  工厂地址：花都狮岭镇 (510000),http://www.138job.com/ShowPhone.aspx?v=3A2AD5BBC91616976F060C6F86FAF631,"脐疗养生师招聘职位要求是否出差：不定时出差工作内容：培训，销售要求：沟通能力强，三年以上工作经验，形象好有医学背景优先录取。待遇：底薪4000到6000，广东省内出差，差补、提点面议。",889404,464523
美容师,广州语韵生物科技有限公司,htt,广州海珠区丽影广场C区B栋807,http://www.138job.com/ShowPhone.aspx?v=A8A6CAAC7F31CFC6F2BD7ABA9123B832,"美容师招聘职位要求是否出差：无需出差熟手为佳，有养生保健经验一年以上，形象良好，服务态度好，责任心强，细心，善于沟通，亲和力强，懂得销售的基本技巧",889404,474412
美容师,广州语韵生物科技有限公司,htt,广州海珠区丽影广场C区B栋807,http://www.138job.com/ShowPhone.aspx?v=A8A6CAAC7F31CFC6F2BD7ABA9123B832,"美容师招聘职位要求是否出差：无需出差熟手为佳，有养生保健经验一年以上，形象良好，服务态度好，责任心强，细心，善于沟通，亲和力强，懂得销售的基本技巧",889404,474413
美容师,广州语韵生物科技有限公司,htt,广州海珠区丽影广场C区B栋807,http://www.138job.com/ShowPhone.aspx?v=A8A6CAAC7F31CFC6F2BD7ABA9123B832,"美容师招聘职位要求是否出差：无需出差熟手为佳，有养生保健经验一年以上，形象良好，服务态度好，责任心强，细心，善于沟通，亲和力强，懂得销售的基本技巧",889404,474414
养生师,广州汉方化妆品制造公司,htt,广州市白云区万达广场B区3栋3楼313汉方集团 ,http://www.138job.com/ShowPhone.aspx?v=525EBA3B0C1696B8B8CD93D41BEE3053,职位要求职位名称：养生师是否出差：无需出差岗位职责：1.熟悉按摩、推拿、针灸等项目；2.接待顾客，针对顾客的身体健康状况，通过专业理疗减轻疾病症状，改善健康状况；任职要求：1.有养生、保健、理疗相关工作优先；2.医学、药学、护理学相关经验。职位标签星期日休息，公司产品福利，岗前培训，提供住宿，创业金，舒适的办公环境，挑战性的工资结构，养生师，广州，白云区联系方式我要应聘,940554,488684
美容院学徒,广州汉方化妆品制造公司,htt,广州市白云区万达广场B区3栋3楼313汉方集团 ,http://www.138job.com/ShowPhone.aspx?v=525EBA3B0C1696B8B8CD93D41BEE3053,职位要求职位名称：美容院学徒是否出差：无需出差岗位职责：1.负责为美容院客人提供专业的美容服务；2.定期建立贵宾及常客档案，了解她们的爱好、要求及皮肤的特性，以便更好的提供服务职位要求：1.仪表大方，熟悉美容产品和手法；2.有美容院工作经验者优先考虑。职位标签星期日休息，公司产品福利，岗前培训，提供住宿，不需要工作经验，舒适的办公环境，挑战性的工资结构，美容院学徒，广州，白云区联系方式我要应聘,940554,488691
美容师,广州市添美美容有限公司,  [,李小姐（联系我时请说明在“138美容人才网”看到的招聘信息）,http://www.138job.com/ShowPhone.aspx?v=1B8B5C1ADE1B17EAECF9BC1D1E0E6F8D,"美容师招聘职位要求是否出差：无需出差职责说明：1、负责为美容院沙龙客人提供专业的美容服务。  2、讲究职业道德，做到文明服务，保持美容的高水准服务，维护公司声誉。  3、定期建立贵宾及常客档案，了解他(她)们的爱好、要求及皮肤的特性，以便更好地提供服务。  4、负责保管美容及按摩工具，对工具、美容用品的采购提出建议。  5、参加美容院晨会，完成每天工作流程报表与每月总结报表。6、完成店长安排的其他工作。职位要求：1、皮肤好，仪表大方，熟悉美容产品和手法，2、持有美容师证书者、有美容院工作经验者优先考虑；3、良好的语言表达能力，善于沟通，服务意识强，工作耐心细致；4、吃苦耐劳，爱岗敬业，良好的个人素质，较高的职业素养和道德；5、性格开朗乐观，积极向上，团队协作能力强。",2123475,459703
专家,广州茵柏仑健康管理有限公司,htt,广州天河区珠江新城华夏路28号富力盈信大厦3301-3313室 ,http://www.138job.com/ShowPhone.aspx?v=09C3FF2025B1FFA8D355082806A064EF,职位要求职位名称：专家是否出差：不定时出差岗位职责：1、参与公司终端口服体系的销售模型，负责医疗相关专业知识讲解；2、负责接受终端客户咨询，并实施一对一现场咨询、销售；3、针对不同类型客户特质，制定有效营销策略，达成销售；4、熟练掌握专业知识及操作技能；5、协助部门负责人健全完善销售战略，制定并组织实施完整的销售方案；6、负责组织市场开发计划的制定、实施、定期编制市场调研和分析报告；7、引导操作效果，并为下次销售做良好的前期铺垫；8、对客户进行定期回访、拜访，保持与所有客户至少两星期电话沟通一次，重点客户一周电话至少沟通一次，维护良好客情关系；9、收集和了解客户的心理动态，及时收集并反馈意见与建议给部门负责人。 任职要求：1、大专以上学历，医学相关专业；欧美等外籍人士，英语流利；2、3年以上医疗相关工作经验，2年以上销售经验；3、熟悉会议销售模式；4、医美、保健行业管理经验丰富者优先；职位标签公司产品福利，岗前培训，专家，广州，天河区联系方式我要应聘,1536340,420174
筋膜医师,广州市盈沁企业管理咨询有限公司,htt,广州市越秀区淘金世贸中心北塔,http://www.138job.com/ShowPhone.aspx?v=846F77EA48467FB4DA9E11165A17ACFC,"筋膜医师招聘职位要求是否出差：不定时出差岗位职责：1、负责客户筋膜手法等方案执行；2、负责与客户建立良好的关系，向客户传授相关理念与知识；3、能够在与客户调理过程中发现问题，并结合情况做出合理性的建议；4、协助客服人员完成客户的后期维护；5、积极主动的加强各类技能培训，提高业务水平；6、熟悉公司的各种治疗方案的使用，并积极向客户推荐。任职要求：1:有5年以上正骨经验，熟练徒手整形，筋膜整复等技术、国内或美式的整脊手法者优先。2:身体外貌形象佳，有团队精神，正能量。3:熟悉掌握外语者优先。4:有执业医师或助理医师资格证优先。5:能国内和国际出差者优先。",472668,461606
招生,深圳美芙科技有限公司,  [,龙老师（联系我时请说明在“138美容人才网”看到的招聘信息）,http://www.138job.com/ShowPhone.aspx?v=67BD644D5F08948CF6E47F78752B2222,"招生招聘职位要求是否出差：无需出差   平衡易容术源于中国古代道家易容术，在长期历史发展过程中融合了中式正骨和道家易容术的精华，是纯中国血统的技术，技术通过长期不断实践总结提升，形成了一套全新的面部手法整形技术，技术体系讲究整体、平衡、自然，体系非常完善，对于各种脸型均有很好的调整效果。★徒手整形的优势：1、不开刀、不手术、不侵入、不注射、不埋线、无任何风险及后遗症； 2、无产品，纯手法； 3、效果立竿见影，当场见效；●课程内容●平衡易容术基础知识颅骨构造面部美学设计十二宫相解析面部问题判断面部检测法常见肩颈问题的处理颅内压释放枕骨大孔的扩大枕骨矫正祛双下巴祛颈纹祛嘴角纹祛法令纹瘦脖子眼袋、黑眼圈祛嘴角纹祛法令纹瘦脖子眼袋、黑眼圈歪嘴矫正瘦咬肌高低眉鼻梁增高下颌骨缩小面部轮廓塑形法面部提升法缩胯骨面部流程操作课程疑问解答招生对象：❅ 从事美容行业相关从业人员❅ 徒手整形美容好爱人员等❅ 热爱中华中医养生、骨骼相关文化者报名方式：❦  培训地点：深圳 ❦  培训时间：4天3晚（9月）          ❦  咨询电话:13723474632",2375308,485045
中医美容师,湖南佰欣实业有限公司,段经理,长沙市雨花区长沙大道580号长东城港1栋3单元 (410000) ,http://www.138job.com/ShowPhone.aspx?v=09E0CD473D574EF697A10CD12905B06D,"中医美容师招聘职位要求是否出差：不定时出差职责说明：负责根据客人的身体及皮肤状态，遵从养生顾问的保健建议来开发和执行客人的养生保健计划，令客人养生保健的效果达到最佳。职位要求：1、要求掌握有关皮肤的医学常识、生活美容和经络美容等基本知识和技能，懂得运用中医知识来为顾客进行身体健康的调理，缓解身体的亚健康状态；2、持有美容师证书者、有美容院工作经验者优先考虑；3、皮肤好，仪表大方，熟悉美容产品和手法；4、吃苦耐劳，具备良好语言表达能力，善于沟通，服务意识强，工作耐心细致。",572965,461239
区域主管,湖南佰欣实业有限公司,段经理,长沙市雨花区长沙大道580号1栋3单元3019－3027 ,http://www.138job.com/ShowPhone.aspx?v=09E0CD473D574EF697A10CD12905B06D,"区域主管招聘职位要求是否出差：长期出差职责说明：管理安排所负责美容院或者养生馆的各项具体工作，包括日常工作的监督和指导、对于员工的管理以及顾客投诉的处理等。职位要求：1、热爱美容行业，具备3年以上美容院或美容会所管理经验；2、良好的语言表达能力、沟通协调能力；3、美容基础知识扎实，熟悉多种美容、养生技术。",572965,477297
美容师,仪本堂生物科技有限公司,WWW,广州市海珠区新港东路209号新港商厦西座705,http://www.138job.com/ShowPhone.aspx?v=DE8009EBA076081B2FB174F84BD52702,"美容师招聘职位要求是否出差：无需出差职责说明：1、负责为美容院沙龙客人提供专业的美容服务。  2、讲究职业道德，做到文明服务，保持美容的高水准服务，维护公司声誉。  3、定期建立贵宾及常客档案，了解他(她)们的爱好、要求及皮肤的特性，以便更好地提供服务。  4、负责保管美容及按摩工具，对工具、美容用品的采购提出建议。  5、参加美容院晨会，完成每天工作流程报表与每月总结报表。6、完成店长安排的其他工作。职位要求：1、皮肤好，仪表大方，熟悉美容产品和手法，2、持有美容师证书者、有美容院工作经验者优先考虑；3、良好的语言表达能力，善于沟通，服务意识强，工作耐心细致；4、吃苦耐劳，爱岗敬业，良好的个人素质，较高的职业素养和道德；5、性格开朗乐观，积极向上，团队协作能力强。",1285923,411843
美容师,仪本堂生物科技有限公司,WWW,广州市海珠区新港东路209号新港商厦西座705,http://www.138job.com/ShowPhone.aspx?v=DE8009EBA076081B2FB174F84BD52702,"美容师招聘职位要求是否出差：无需出差职责说明：1、负责为美容院沙龙客人提供专业的美容服务。  2、讲究职业道德，做到文明服务，保持美容的高水准服务，维护公司声誉。  3、定期建立贵宾及常客档案，了解他(她)们的爱好、要求及皮肤的特性，以便更好地提供服务。  4、负责保管美容及按摩工具，对工具、美容用品的采购提出建议。  5、参加美容院晨会，完成每天工作流程报表与每月总结报表。6、完成店长安排的其他工作。职位要求：1、皮肤好，仪表大方，熟悉美容产品和手法，2、持有美容师证书者、有美容院工作经验者优先考虑；3、良好的语言表达能力，善于沟通，服务意识强，工作耐心细致；4、吃苦耐劳，爱岗敬业，良好的个人素质，较高的职业素养和道德；5、性格开朗乐观，积极向上，团队协作能力强。",1285923,488652
养生老师,悦嘉健康科技（深圳）有限公司,岳美惠,http://www.yuejia.vip/,http://www.138job.com/ShowPhone.aspx?v=F4DA73F2718A5138EEDFC940A05BEB36,职位要求职位名称：养生老师是否出差：不定时出差1、培训加盟店员工产品专业知识及服务技能；2、有良好的沟通艺术，精通中医健康养生专业；3、两年以上美业工作经验，热爱健康养生行业。       薪资5000~20000元；       孩子教育金：800元/月（满一年）；       父母孝道金：1000元/月（满一年）；       实干奉献季度奖/实干奉献年终奖。职位标签星期日休息，岗前培训，多劳多得(底薪+提成)，分红/合伙人，养生老师，广东，深圳联系方式我要应聘,2134946,473679
美容师,广州市越秀区心如莲花经络美容馆,徐老师,广州越秀区华乐路商业街37号2楼心如莲花 ,http://www.138job.com/ShowPhone.aspx?v=C5E368C82F824A71FD8E4126477F842F,"美容师招聘职位要求是否出差：无需出差职责说明：1、负责为美容院客人提供专业的美容服务。  2、讲究职业道德，做到文明服务，保持美容的高水准服务，维护公司声誉。  3、定期建立贵宾及常客档案，了解他(她)们的爱好、要求及皮肤的特性，以便更好地提供服务。  4、负责保管美容及按摩工具，对工具、美容用品的采购提出建议。  5、参加美容院晨会，完成每天工作流程报表与每月总结报表。6、完成店长安排的其他工作。职位要求：1、皮肤好，仪表大方，熟悉美容产品和手法，2、持有美容师证书者、有美容院工作经验者优先考虑；3、良好的语言表达能力，善于沟通，服务意识强，工作耐心细致；4、吃苦耐劳，爱岗敬业，良好的个人素质，较高的职业素养和道德；5、性格开朗乐观，积极向上，团队协作能力强。",1802203,412008
美容师,广州市越秀区心如莲花经络美容馆,徐老师,广州越秀区华乐路商业街37号2楼心如莲花 ,http://www.138job.com/ShowPhone.aspx?v=C5E368C82F824A71FD8E4126477F842F,"美容师招聘职位要求是否出差：无需出差职责说明：1、负责为美容院沙龙客人提供专业的美容服务。  2、讲究职业道德，做到文明服务，保持美容的高水准服务，维护公司声誉。  3、定期建立贵宾及常客档案，了解他(她)们的爱好、要求及皮肤的特性，以便更好地提供服务。  4、负责保管美容及按摩工具，对工具、美容用品的采购提出建议。  5、参加美容院晨会，完成每天工作流程报表与每月总结报表。6、完成店长安排的其他工作。职位要求：1、皮肤好，仪表大方，熟悉美容产品和手法，2、持有美容师证书者、有美容院工作经验者优先考虑；3、良好的语言表达能力，善于沟通，服务意识强，工作耐心细致；4、吃苦耐劳，爱岗敬业，良好的个人素质，较高的职业素养和道德；5、性格开朗乐观，积极向上，团队协作能力强。",1802203,489000
养生销售顾问,广东修身堂企业管理顾问有限公司,htt,总部地址：海珠区江海路158号国安大厦二楼 (510000),http://www.138job.com/ShowPhone.aspx?v=C4EDDE5EC286CE4659506ECC084FBFE2,"职位要求职位名称：养生销售顾问是否出差：无需出差职位名称：养生销售顾问是否出差：无需出差 2017全新的视野  同样的坚持          广东陆加壹集团是一家以“健康美丽产业链”为中心的综合性集团公司，集团员工有800多人，旗下品牌：香港修身堂、JK奇积发型连锁机构,乾坤佰草、微科国际、云嘉地产、赛贝斯彩妆美甲等。现为配合广东乾坤百草的快速发展，诚向社会招聘精英队伍！        广东乾坤佰草实业发展有限公司，隶属于广东陆加壹集团，原为圣方佰草，成立于2013年，自营健康养生品牌，资深强悍的技术导师团队，运营销售模式新颖高效，加盟店遍及全国各地，为中国新生代健康养生品牌。已有广州总部、深圳分公司专业开拓健康养生市场，人才济济，前途无量！【岗位职责】   1、负责公司到访客户的招商接待、谈单，协助招商经理/总监达成谈单； 2、针对重点意向客户，上门进行项目洽谈交流，树立品牌形象及促成签单；3、完成部门领导临时安排的其它工作。 【工资标准】1、9000-12000（基本薪资）+业绩提成+奖金+工龄奖+工龄补贴(每月发放); 2、每月12号为工资条发放时间，每月19日当天发放工资不押工资，不用交任何费用；【广州乾坤佰草公司温馨提示】  1、集团人力资源部统筹直招，绝非中介，以下信息真实可靠！不收任何押金！2、集团总部面试时间：10：00――17：00（无需带简历，公司无纸化办公，系统填写）；3、由集团人力资源部统一面试，店铺只负责营业不负责面试； 4、正在招聘岗位：养生专家、养生技术总监/经理等岗位。  【薪资待遇】 1、工作餐福利：公司免费提供食宿福利，提供午、晚健康工作餐，；2、假期福利：每周单休、带薪年假4天、春节8天及各法定假期；3、工龄福利：工龄奖、工龄补贴(每月发放)；  4、旅游福利：每月公共休息日活动、每年奖励员工至少一次的境内外游； 5、社保福利：公司为员工购买六险； 6、活动福利：员工可带薪享受每月公共日活动、每季度家长日活动；  7、资源共享：集团员工可享受集团旗下所有产品和服务3折优惠； 8、可优先享受：集团旗下越秀美容美发职业学校专业培训及越秀技能鉴定所考职称，可实现持证上岗。 【面试地址】 广州市海珠区江海路158号国安大厦二楼  【联系方式】联系电话：李小姐13168314439       微信号：13809204188（请注明姓名和应聘职位)【乘车路线】公交站：海印桥南站、海联中路附近地铁：晓港站A出口、东湖站B2出口  【工作时间】9：30―19：0011：00―22：00职位标签健康工作餐，公司产品福利境内外游，带薪年假，岗前培训，养生销售顾问，广东，广州联系方式我要应聘",1488793,401937
养生专家,广东修身堂企业管理顾问有限公司,htt,总部地址：海珠区江海路158号国安大厦二楼 (510000),http://www.138job.com/ShowPhone.aspx?v=C4EDDE5EC286CE4659506ECC084FBFE2,"职位要求职位名称：养生专家是否出差：无需出差 2017全新的视野  同样的坚持       广东陆加壹集团是一家以“健康美丽产业链”为中心的综合性集团公司，集团员工有800多人，旗下品牌：香港修身堂、JK奇积发型连锁机构,乾坤佰草、微科国际、云嘉地产、赛贝斯彩妆美甲等。现为配合香港修身堂的快速发展，诚向社会招聘精英队伍！     广东乾坤佰草实业发展有限公司，隶属于广东陆加壹集团，原为圣方佰草，成立于2013年，自营健康养生品牌，资深强悍的技术导师团队，运营销售模式新颖高效，加盟店遍及全国各地，为中国新生代健康养生品牌。已有广州总部、深圳分公司专业开拓健康养生市场，人才济济，前途无量！【岗位职责】1、负责公司各项目专业咨询工作，通过分析诊断，根据顾客的需求状况，运用专业知识来为顾客拟定成交方案；2、通过专业经络理疗、推拿、技术手法结合养生项目为客户改善健康状况；3、参与直营店对美容项目客户养生项目扶持，产生项目销售；4、协助公司完成安排的其它工作；【广州乾坤佰草温馨提示】 1、集团人力资源部统筹直招，绝非中介，以下信息真实可靠！不收任何押金！ 2、集团总部面试时间：10：00――17：00（无需带简历，公司无纸化办公，系统填写），由集团人力资源部统一面试； 3、正在招聘岗位：养生导师、养生专家、招商经理、销售代表、运营助理等（要求有养生行业岗位经验）； 【工资标准】 1、按岗位评定技术，采用浮动底薪3000―6000元+浮动业绩提成5%--10%+手工10%--15%，月收入8000-1.5万元，依据能力工资上不封顶；2、每月12号为工资条发放时间，每月19日当天发放工资，不押工资，不用交任何费用； 【薪资待遇】 1、食宿福利：公司免费提供食宿福利，提供午、晚健康工作餐，宿舍配有空调、热水器、洗衣机等设施，并设有专门人负责打扫卫生；2、假期福利：每周单休、带薪年假4天、春节8天及各法定假期；3、工龄福利：工龄奖、工龄补贴(每月发放)；  4、旅游福利：每月公共休息日活动、每年奖励员工至少一次的国内外旅游； 5、社保福利：公司为员工购买六险； 6、活动福利：员工可带薪享受每月公共日活动、每季度家长日活动；  7、资源共享：集团员工可享受集团旗下所有产品和服务3折优惠； 8、可优先享受：集团旗下越秀美容美发职业学校专业培训及越秀技能鉴定所考职称，可实现持证上岗。 【面试地址】 广州市海珠区江海路158号国安大厦二楼  【联系方式】联系电话：李小姐13168314439微信号：13809204188（请注明姓名和应聘职位)【乘车路线】公交站：海印桥南站、海联中路附近地铁：晓港站A出口、东湖站B2出口  【工作时间】9：30―19：0011：00―22：00职位标签公司产品福利，带薪年假健康工作餐，境内外游，养生专家，广东，广州联系方式我要应聘",1488793,466878
养生专家,广东修身堂企业管理顾问有限公司,htt,深圳市南山区南山大道2002号光彩新天地21b1 (510000),http://www.138job.com/ShowPhone.aspx?v=3D192F422CC3D57EF0995D0604C087D8,职位要求职位名称：养生专家是否出差：无需出差2017全新的视野同样的坚持          广东陆加壹集团有限公司（以下简称“集团”）成立于2006年，经历11年夯实打造，旗下拥有13个品牌分公司，逐步发展成为集DT大数据分析、金融投资、物业地产、健康美业、餐饮产品、仪器研发、教育培训、B2C互联网营销于一体，以实业化为核心的健康美丽“云生态”的多元化综合性企业集团。         陆加壹在全国区域拥有6000家加盟品牌实体店铺，200余家直营品牌店铺，在职员工1000余人。旗下13个品牌中：云嘉地产、香港修身堂、JK奇积、赛贝斯、乾坤佰草、乾坤香养、微科国际、希思万、硒养延年等行业属领先品牌，与集团的核心战略“一个中心，三个基本点”结合，以发展“健康与美丽”为中心，以“地产属性、金融属性、DT属性”为三个基本点，依托集团“科技化、网络化、数据化”的政策方针，形成集团独创的健康美丽“云生态”体系，迈入新的历史阶段。         广东乾坤佰草实业发展有限公司，隶属于广东陆加壹集团，原为圣方佰草，成立于2013年，自营健康养生品牌，资深强悍的技术导师团队，运营销售模式新颖高效，加盟店遍及全国各地，为中国新生代健康养生品牌。已有广州总部、深圳分公司专业开拓健康养生市场，人才济济，前途无量！【岗位职责】1、通过专业经络理疗、推拿、技术手法结合养生项目为客户改善健康状况；2、参与直营店对美容项目客户养生项目扶持，产生项目销售；3、协助公司完成安排的其它工作；【任职要求】1、24-38岁，男女不限，2年以上经络理疗、养生养骨，具备扎实的养生理论和实操经验；2、精通养生类项目基本话术、手法技能等相关培训；3、具有良好的职业素养和团队配合能力；【乾坤佰草温馨提示】1、集团人力资源部统筹直招，绝非中介，以下信息真实可靠！不收任何押金！2、集团总部面试时间：10：00――17：00（无需带简历，公司无纸化办公，系统填写），由集团人力资源部统一面试；3、正在招聘岗位：养生导师、养生专家、招商经理、销售代表、运营助理等岗位（要求有养生行业岗位经验）；【工资标准】1、按岗位评定技术，采用浮动底薪3000―6000元+浮动业绩提成5%--10%+手工10%--15%，月收入8000-1.5万元，依据能力工资上不封顶；2、每月12号为工资条发放时间，每月19日当天发放工资（集团员工有1000多人），不押工资，不用交任何费用；3、公司免费提供食宿福利，宿舍配有空调、热水器、洗衣机等设施（并有专门人负责打扫卫生）【薪资待遇】1、工作餐福利：公司免费提供中、晚两餐。2、假期福利：每月休4天（单休）、带薪年假4天、春节8天及各法定假期；3、工龄福利：工龄奖、工龄补贴(每月发放)；4、旅游福利：每月公共休息日活动、每年奖励员工至少一次的境内外游；5、社保福利：公司为员工购买社保和意外险；6、活动福利：员工可带薪享受每月公共日活动、每季度家长日活动；7、资源共享：集团员工可享受集团旗下所有产品和员工内部折扣优惠；8、可优先享受：集团旗下越秀美容美发职业学校专业培训及越秀技能鉴定所考职称，可实现持证上岗。【联系方式】联系电话：李小姐13168314439       微信号：13809204188（请注明姓名和应聘职位)职位标签公司产品福利，旅游福利，活动福利社保，境内外游，健康工作餐，带薪年假，养生专家，深圳，南山区联系方式我要应聘,1488793,466884
美容养生顾问,广东修身堂企业管理顾问有限公司,htt,深圳市南山区南山大道2002号光彩新天地21b1,http://www.138job.com/ShowPhone.aspx?v=3D192F422CC3D57EF0995D0604C087D8,职位要求职位名称：美容养生顾问是否出差：无需出差职位名称：美容养生销售顾问是否出差：无需出差 2017全新的视野  同样的坚持           广东陆加壹集团是一家以“健康美丽产业链”为中心的综合性集团化公司，旗下品牌公司：赛贝斯彩妆美甲、JK奇积发型连锁机构、香港修身堂、希思万管理公司、乾坤佰草、微科?国际、云嘉?地产。现为配合乾坤佰草的快速发展，诚向社会招聘精英队伍！          深圳乾坤佰草生物科技有限公司，隶属于广东陆加壹集团，成立于2013年，自营健康养生、养骨品牌，资深强悍的技术导师团队，运营销售模式新颖高效，加盟店遍及全国各地，在同行中享有声誉。依据品牌规划一六年正式启动深圳分公司开拓健康养生深圳市场，系统完善、团队不断壮大，把握品牌发展良机，奠定事业基础！【岗位职责】   1.负责公司美容养生项目的销售工作； 2.根据市场需求，由专家指派完成任务； 3.掌握整个销售流程及运作情况，了解和发掘客户需求及购买愿望，介绍自己产品的优点和特色； 4.及时向公司反馈所遇到的问题及解决方案，收集并分享成功经验。【工资标准】1、9000-12000（基本薪资）+业绩提成+奖金+工龄奖+工龄补贴(每月发放); 2、每月12号为工资条发放时间，每月19日当天发放工资不押工资，不用交任何费用；【深圳乾坤佰草温馨提示】  1、集团人力资源部统筹直招，绝非中介，以下信息真实可靠！不收任何押金！2、集团总部面试时间：10：00――17：00（无需带简历，公司无纸化办公，系统填写）；3、由集团人力资源部统一面试，店铺只负责营业不负责面试； 4、正在招聘岗位：理疗师、养身专家、美容销售顾问等岗位。  【福利待遇】1、工作餐福利：公司免费提供午、晚健康工作餐；2、假期福利：每周单休、带薪年假4天、春节7天及各法定假期；  3、工龄福利：工龄奖、工龄补贴(每月发放)；   4、旅游福利：每月公共休息日活动、每年奖励员工至少一次的国内国际旅游； 5、社保福利：公司为员工购买社保；  6、活动福利：员工可带薪享受每月公共日活动、每季度家长日活动；  7、资源共享：集团员工可享受集团旗下所有产品和服务3折优惠！   8、可优先享受集团旗下越秀美容美发职业学校专业培训，及越秀技能鉴定所考职称，实现持证上岗；       【面试地址】 深圳市南山区南山大道2002号光彩新天地21b1   【联系方式】联系电话：吴总13760702737职位标签健康工作餐，带薪年假，境内外游，美容养生顾问，深圳，南山区联系方式我要应聘,1488793,483924
养生技术总监,广东修身堂企业管理顾问有限公司,htt,总部地址：海珠区江海路158号国安大厦二楼 (510000),http://www.138job.com/ShowPhone.aspx?v=C4EDDE5EC286CE4659506ECC084FBFE2,职位要求职位名称：养生技术总监是否出差：无需出差2017全新的视野  同样的坚持        广东陆加壹集团有限公司（以下简称“集团”）成立于2006年，经历11年夯实打造，旗下拥有13个品牌分公司，逐步发展成为集DT大数据分析、金融投资、物业地产、健康美业、餐饮产品、仪器研发、教育培训、B2C互联网营销于一体，以实业化为核心的健康美丽“云生态”的多元化综合性企业集团。        陆加壹在全国区域拥有6000家加盟品牌实体店铺，200余家直营品牌店铺，在职员工1000余人。旗下13个品牌中：云嘉地产、香港修身堂、JK奇积、赛贝斯、乾坤佰草、乾坤香养、微科国际、希思万、硒养延年等行业属领先品牌，与集团的核心战略“一个中心，三个基本点”结合，以发展“健康与美丽”为中心，以“地产属性、金融属性、DT属性”为三个基本点，依托集团“科技化、网络化、数据化”的政策方针，形成集团独创的健康美丽“云生态”体系，迈入新的历史阶段。        广东乾坤佰草实业发展有限公司，隶属于广东陆加壹集团，原为圣方佰草，成立于2013年，自营健康养生品牌，资深强悍的技术导师团队，运营销售模式新颖高效，加盟店遍及全国各地，为中国新生代健康养生品牌。已有广州总部、深圳分公司专业开拓健康养生市场，人才济济，前途无量！   【乾坤佰草温馨提示】   1、集团人力资源部统筹直招，绝非中介，以下信息真实可靠！不收任何押2、集团总部面试时间：10：00――17：00（无需带简历，公司无纸化办公，系统填写），  由集团人力资源部统一面试； 3、正在招聘岗位：养生导师、养生专家、招商经理、销售代表、运营助理等（要求有养生行业岗位经验）。 【岗位职责 】 1、针对门店制定活动方案，不断提升形象和业绩；                                      2、协助新店开张的筹备，宣传及驻店扶持工作；                                        3、对公司的养生产品进行产品知识、手法技能等相关知识的培训；  4、负责公司经营特色服务项目的开发、项目手册的编写和培训工作的执行； 【任职资格】1、 具备扎实的美容，中医养生保健知识，具备一定的气质与亲和力；                            2、性格活泼开朗，善于沟通交流，语言表达能力强，具有良好的职业素质；  3、有一定的团队管理能力，能够组织和策划各类现场招商的工作；  4、有培训及管理美容店经验者优先； 【工资标准】 1、4000-6000（基本工资）+业绩提成+工龄奖+工龄补贴(每月发放)；2、每月12号为工资条发放时间，每月19日当天发放工资（集团员工有1000多人），不押工资，不用交任何费用； 3、公司免费提供食宿福利，宿舍配有空调、热水器、洗衣机等设施（并有专门人负责打扫卫生）；    【福利待遇】1、工作餐福利：公司提供午、晚健康工作餐，  2、假期福利：每周单休、带薪年假4天、春节7天及各法定假期；  3、活动福利：员工可带薪享受每月公共日活动、每季度家长日活动；  4、资源共享：集团员工可享受集团旗下所有产品和员工内部折扣！   【工作时间】9：30―19：0011：00―22：00【面试地址】 广州市海珠区江海路158号二楼  （导航：陆加壹公司）【联系方式】李小姐：13168314439       微信号：13809204188(请备注姓名和应聘职位) 乘车路线：公交站：海印桥南、海联中路 ，附近地铁：晓港站A出口、东湖站B2出口职位标签健康工作餐，高额提成，年终奖金，带薪休假，社保境内外游，养生技术总监，广东，广州联系方式我要应聘,1488793,457221
养生导师,广东修身堂企业管理顾问有限公司,htt,总部地址：海珠区江海路158号国安大厦二楼 (510000),http://www.138job.com/ShowPhone.aspx?v=C4EDDE5EC286CE4659506ECC084FBFE2,"职位要求职位名称：养生导师是否出差：无需出差2017全新的视野  同样的坚持 广东陆加壹集团是一家以“健康美丽产业链”为中心的综合性集团公司，集团员工有800多人，旗下品牌：香港修身堂、JK奇积发型连锁机构,乾坤佰草、微科国际、云嘉地产、赛贝斯彩妆美甲等。现为配合香港修身堂的快速发展，诚向社会招聘精英队伍！广东乾坤佰草实业发展有限公司，隶属于广东陆加壹集团，原为圣方佰草，成立于2013年，自营健康养生品牌，资深强悍的技术导师团队，运营销售模式新颖高效，加盟店遍及全国各地，为中国新生代健康养生品牌。已有广州总部、深圳分公司专业开拓健康养生市场，人才济济，前途无量！【岗位职责】1、通过专业理疗、推拿、经络技术手法结合项目产品为客户改善健康状况； 2、通过亲情沟通，建立与顾客的良好关系，提高顾客满意度；3、协助美容直营店开发美容客户的养生项目；4、定期配合公司召开养生大讲堂，普及养生健康知识。【任职要求】1、28-42岁，男女不限，5年以上经络、养骨、理疗经验，具备扎实的养生知识； 2、精通养生类项目基本话术、手法技能等相关培训；3、有养生行业销售类岗位经验者优先； 4、具有良好的职业素养和团队协助能力； 【工资标准】1、基本薪资3000-6000+提成+奖金+其他。依据能力工资上不封顶；2、每月12号为工资条发放时间，每月19日当天发放工资，不押工资，不用交任何费用；   【乾坤百草温馨提示】   1、集团人力资源部统筹直招，绝非中介，以下信息真实可靠！不收任何押金！  2、集团总部面试时间：10：00―17：00（无需带简历，公司无纸化办公，系统填写），由集团人力资源部统一面试，店铺只负责营业不负责招聘；   3、正在招聘岗位：养生销售顾问、养生导师、养生专家等岗位；  【薪资待遇】 1、工作餐福利：公司免费提供食宿福利，提供午、晚健康工作餐，；2、假期福利：每月休6天（单周1天、双周2天）、带薪年假4天、春节8天及各法定假期；3、工龄福利：工龄奖、工龄补贴(每月发放)；  4、旅游福利：每月公共休息日活动、每年奖励员工至少一次的境内外游； 5、社保福利：公司为员工购买五险； 6、活动福利：员工可带薪享受每月公共日活动、每季度家长日活动；  7、资源共享：集团员工可享受集团旗下所有产品和服务3折优惠； 8、可优先享受：集团旗下越秀美容美发职业学校专业培训及越秀技能鉴定所考职称，可实现持证上岗。 【面试地址】 广州市海珠区江海路158号国安大厦二楼  【联系方式】联系电话：李小姐13168314439       微信号：13809204188（请注明姓名和应聘职位)【乘车路线】公交站：海印桥南站、海联路总站附近地铁：晓港站A出口、东湖站B2出口  【工作时间】9：30――19：0012：30|――22：00职位标签公司产品福利，健康工作餐，境内外游带薪年假，养生导师，广东，广州联系方式我要应聘",1488793,466877
美容师,广东修身堂企业管理顾问有限公司,htt,深圳市南山区南山大道2002号光彩新天地21b1 (510000),http://www.138job.com/ShowPhone.aspx?v=3D192F422CC3D57EF0995D0604C087D8,"职位要求职位名称：美容师是否出差：无需出差 2017全新的视野  同样的坚持       广东陆加壹集团是一家以“健康美丽产业链”为中心的综合性集团公司，集团员工有800多人，旗下品牌：香港修身堂、JK奇积发型连锁机构,乾坤佰草、微科国际、云嘉地产、赛贝斯彩妆美甲等。现为配合香港修身堂的快速发展，诚向社会招聘精英队伍！ 深圳乾坤佰草隶属于广东陆加壹集团，成立于2003年，专业从事美容、纤体、医美整形、养生、养骨等项目，被誉为“国际美容纤体养生领军品牌”，中国美容修身纤体领域的开创者，央视上榜品牌，香港巨星温碧霞曾为品牌代言人，香港修身堂愿与您携手合作共创未来！ 至美至极、与美同行、事业相伴！【任职要求】   1、美容师：1）女性，19―32岁，接待热情细心；2）有无经验均可，公司会提供岗前一个月的零基础培训，不交学费，学校期间包吃住，招25人，额满为止；2、美容顾问：1）能独立完成产品知识讲解工作；2）完成上级下达的销售任务，提升店铺的业绩，确保业绩顺利完成；3）分析顾客、满足顾客需求，为顾客设计合理的疗程护理方案，打造客户满意度；  3、美容店长：1）3年以上店务管理经验，善于解决店内的大小问题；2）能够配合公司完成本店的业绩及利润目标；3）有大型连锁美容院工作经验的优先考虑；   【工资标准】   1、美容师：按岗位评定初、中、高级别，基本工资在3000-5000（手工提成10%-18%）元，岗位级别工资不封顶；   2、美容顾问：按岗位评定初、中、高级别，基本工资在5000-8000（业绩提成5%-12%）元，岗位级别工资不封顶；   3、美容店长：美容店长月薪30000-50000（无限业绩提成点上升）   4、每月12号为工资条发放时间，每月19日当天发放工资，不押工资，不用交任何费用；   【香港修身堂温馨提示】  1、集团人力资源部统筹直招，绝非中介，以下信息真实可靠！不收任何押金！2、集团面试时间：上午9：30――下午17：00（无需带简历，公司无纸化办公，系统填写）；3、由集团人力资源部统一面试，店铺只负责营业不负责面试； 4、正在招聘岗位：美容师、美容顾问、美容导师等岗位。  【发展方向】 1、美容师―星级美容师―高级美容师―总监美容师-店长―事业合伙人(股东)；  2、依据性格和意向从事美容顾问等销售性岗位的发展空间； 【福利待遇】1、工作餐福利：公司提供午、晚健康工作餐，  2、假期福利：每周单休、带薪年假4天、春节7天及各法定假期；  3、工龄福利：工龄奖、工龄补贴(每月发放)；   4、旅游福利：每月公共休息日活动、每年奖励员工至少一次的国内国际旅游； 5、活动福利：员工可带薪享受每月公共日活动、每季度家长日活动；  6、资源共享：集团员工可享受集团旗下所有产品和员工内部折扣！   7、可优先享受集团旗下越秀美容美发职业学校专业培训，及越秀技能鉴定所考职称，实现持证上岗；       【联系方式】联系人：吴总   13925222227 地址：深圳市南山区南山大道2002号光彩新天地21b1职位标签公司产品福利，健康工作餐，带薪年假境内外游，美容师，广东，深圳联系方式我要应聘",1488793,469540
养生导师（深圳）,广东修身堂企业管理顾问有限公司,htt,深圳市南山区南山大道2002号光彩新天地21b1 (510000),http://www.138job.com/ShowPhone.aspx?v=3D192F422CC3D57EF0995D0604C087D8,职位要求职位名称：养生导师（深圳）是否出差：无需出差2017全新的视野  同样的坚持         广东陆加壹集团是一家以“健康美丽产业链”为中心的综合性集团化公司，旗下品牌公司：赛贝斯彩妆美甲、JK奇积发型连锁机构、香港修身堂、希思万管理公司、乾坤佰草、微科?国际、云嘉?地产。现为配合乾坤佰草的快速发展，诚向社会招聘精英队伍！        深圳乾坤佰草生物科技有限公司，隶属于广东陆加壹集团，成立于2013年，自营健康养生、养骨品牌，资深强悍的技术导师团队，运营销售模式新颖高效，加盟店遍及全国各地，在同行中享有声誉。依据品牌规划一六年正式启动深圳分公司开拓健康养生深圳市场，系统完善、团队不断壮大，把握品牌发展良机，奠定事业基础！ 【岗位职责】  1、通过专业理疗、推拿、经络技术手法结合项目产品为客户改善健康状况； 2、通过亲情沟通，建立与顾客的良好关系，提高顾客满意度；3、协助美容直营店开发美容客户的养生项目；4、定期配合公司召开养生大讲堂，普及养生健康知识。【任职要求】1、28-42岁，男女不限，5年以上经络、养骨、理疗经验，具备扎实的养生知识；   2、精通养生类项目基本话术、手法技能等相关培训；3、有养生行业销售类岗位经验者优先； 4、具有良好的职业素养和团队协助能力；【工资标准】  	1、基本薪资4500-9000+提成+奖金+其他。依据能力工资上不封顶；2、每月12号为工资条发放时间，每月19日当天发放工资，不押工资，不用交任何费用； 【乾坤佰草公司温馨提示】  1、集团人力资源部统筹直招，绝非中介，以下信息真实可靠！不收任何押金！ 2、集团总部面试时间：10：00――17：00（无需带简历，公司无纸化办公，系统填写），由集团人力资源部统一面试；  3、正在招聘岗位：养生导师、养生专家、招商经理、销售代表、运营助理等岗位（要求有养生行业岗位经验）；  【薪资待遇】 1、食宿福利：公司免费提供食宿福利，提供午、晚健康工作餐，宿舍配有空调、热水器、洗衣机等设施，并设有专门人负责打扫卫生；2、假期福利：每周单休、带薪年假4天、春节8天及各法定假期；3、工龄福利：工龄奖、工龄补贴(每月发放)；  4、旅游福利：每月公共休息日活动、每年奖励员工至少一次的国内外旅游； 5、社保福利：公司为员工购买五险一金； 6、活动福利：员工可带薪享受每月公共日活动、每季度家长日活动；  7、资源共享：集团员工可享受集团旗下所有产品和服务3折优惠； 8、可优先享受：集团旗下越秀美容美发职业学校专业培训及越秀技能鉴定所考职称，可实现持证上岗。 【联系人】吴经理13760702737 【面试地址】深圳南山区南山大道2002光彩新天地21b1职位标签带薪年假，境内外游健康工作餐，岗前培训，工龄奖金，养生导师（深圳），深圳，南山区联系方式我要应聘,1488793,451982
理疗顾问/中医养生顾问,广东修身堂企业管理顾问有限公司,htt,总部地址：海珠区江海路158号国安大厦二楼,http://www.138job.com/ShowPhone.aspx?v=C4EDDE5EC286CE4659506ECC084FBFE2,职位要求职位名称：理疗顾问/中医养生顾问是否出差：无需出差2017全新的视野  同样的坚持         广东陆加壹集团有限公司（以下简称“集团”）成立于2006年，经历11年夯实打造，旗下拥有13个品牌分公司，逐步发展成为集DT大数据分析、金融投资、物业地产、健康美业、餐饮产品、仪器研发、教育培训、B2C互联网营销于一体，以实业化为核心的健康美丽“云生态”的多元化综合性企业集团。         陆加壹在全国区域拥有6000家加盟品牌实体店铺，200余家直营品牌店铺，在职员工1000余人。旗下13个品牌中：云嘉地产、香港修身堂、JK奇积、赛贝斯、乾坤佰草、乾坤香养、微科国际、希思万、硒养延年等行业属领先品牌，与集团的核心战略“一个中心，三个基本点”结合，以发展“健康与美丽”为中心，以“地产属性、金融属性、DT属性”为三个基本点，依托集团“科技化、网络化、数据化”的政策方针，形成集团独创的健康美丽“云生态”体系，迈入新的历史阶段。        广东乾坤佰草实业发展有限公司，隶属于广东陆加壹集团，原为圣方佰草，成立于2013年，自营健康养生品牌，资深强悍的技术导师团队，运营销售模式新颖高效，加盟店遍及全国各地，为中国新生代健康养生品牌。已有广州总部、深圳分公司专业开拓健康养生市场，人才济济，前途无量！   【乾坤佰草温馨提示】   1、集团人力资源部统筹直招，绝非中介，以下信息真实可靠！不收任何押2、集团总部面试时间：10：00――17：00（无需带简历，公司无纸化办公，系统填写），  由集团人力资源部统一面试； 3、正在招聘岗位：养生导师、养生专家、招商经理、销售代表、运营助理等岗位（要求有养生行业岗位经验）。 【岗位职责 】 1、现场接待新客，做好客人的信息登记； 2、独立完成店面项目讲解工作； 3、协助完成团队计划业绩和管理工作，做好顾客跟进服务；4、分析顾客，满足顾客需求，为顾客设计合理疗程护理方案，打造客户满意度；   5、协调部门内部的关系；拓展及维护顾客，做好顾客管理。 【任职资格】1、 具备扎实的美容，养生知识，具备一定的气质与亲和力；                            2、性格活泼开朗，善于沟通交流，语言表达能力强，具有良好的职业素质；  3、有一定的团队管理能力，能够组织和策划各类现场招商的工作；  4、有培训及管理美容店经验者优先； 【工资标准】 1、4000-6000（基本工资）+业绩提成+工龄奖+工龄补贴(每月发放)；2、每月12号为工资条发放时间，每月19日当天发放工资（集团员工有1000多人），不押工资，不用交任何费用； 【福利待遇】1、工作餐福利：公司免费提供午、晚健康工作餐;2、假期福利：每周单休、带薪年假4天、春节7天及各法定假期；  3、工龄福利：工龄奖、工龄补贴(每月发放)；   4、旅游福利：每月公共休息日活动、每年奖励员工至少一次的国内国际旅游； 5、社保福利：公司为员工购买社保；  6、活动福利：员工可带薪享受每月公共日活动、每季度家长日活动；  7、资源共享：集团员工可享受集团旗下所有产品和服务3折优惠！   8、可优先享受集团旗下越秀美容美发职业学校专业培训，及越秀技能鉴定所考职称，实现持证上岗；                     【工作时间】9：30――19：0011：00――22：00【面试地址】 广州市海珠区江海路158号二楼  （导航：陆加壹公司）【联系方式】李小姐13168314439         公司招聘微信号：13809204188(请备注姓名和应聘职位) 乘车路线：公交站：海印桥南、海联中路  附近地铁：晓港站A出口、东湖站B2出口职位标签公司产品福利，岗前培训，健康工作餐，带薪年假，境内外游，理疗顾问/中医养生顾问，广东，广州联系方式我要应聘,1488793,480813
高薪诚聘美容师,美丽冰美人美容院,宋小姐,深圳市南山区西海明珠商业街、艾古国际美容养生会所,http://www.138job.com/ShowPhone.aspx?v=2688017C8C4898B9D51A586C29F0A1E8,"高薪诚聘美容师招聘职位要求是否出差：无需出差职责说明：1、负责为美容院沙龙客人提供专业的美容服务。  2、讲究职业道德，做到文明服务，保持美容的高水准服务，维护公司声誉。  3、定期建立贵宾及常客档案，了解他(她)们的爱好、要求及皮肤的特性，以便更好地提供服务。  4、负责保管美容及按摩工具，对工具、美容用品的采购提出建议。  5、参加美容院晨会，完成每天工作流程报表与每月总结报表。6、完成店长安排的其他工作。职位要求：1、皮肤好，仪表大方，熟悉美容产品和手法，2、持有美容师证书者、有美容院工作经验者优先考虑；3、良好的语言表达能力，善于沟通，服务意识强，工作耐心细致；4、吃苦耐劳，爱岗敬业，良好的个人素质，较高的职业素养和道德；5、性格开朗乐观，积极向上，团队协作能力强。福利待遇：1.美容师底薪4000，工资4000—10000甚至更高，我司提成空间大，只要你有经验，月薪上万都是常事！2。不定期会有培训，提高自身经验与手法。3.我司包吃包住，环境优雅，同时相处融洽。4.月休4天，根据公司情况安排，享受国家规定福利待遇。5.每月都会定制目标，只要达成业绩我们每月都会去旅游。6.我们是17年的老店，客源稳定，业绩稳定，真诚邀请你加入我们，跟我们一起走得更远！",1489040,374896
美容师,广州名妆化妆品制造有限公司,htt,深圳罗湖区文锦中路2号名都大厦名阳阁1号康艺美容院 ,http://www.138job.com/ShowPhone.aspx?v=BFC7760097E4E1EF27FBBC44392DF83D,"美容师招聘职位要求是否出差：无需出差会身体和面手法，心态积极。。。。。",1481448,486042
专家,杭州科医人医疗科技有限公司,高总（,杭州市滨江区滨河路CBD9楼 ,http://www.138job.com/ShowPhone.aspx?v=4CD84D797128D1B3084C51D663F5D725,"专家招聘职位要求是否出差：不定时出差职责说明：完成公司安排的各项专家咨询工作，具有美业高端产品的销售经验，具有很强的销售与沟通能力，能独立完成销售，亲和力好，有服务意识。职位要求：1、有多年美容业经验。具备深厚的皮肤医学常识、中医养生等基本知识和技能；2、具备良好语言表达能力以及授课能力；3、具有高端仪器或整形经验、做个SOD或者超声刀等高端项目相关工作经验者优先考虑。 4、介绍一家店公司给予15%的提成，如果介绍一个优秀员工奖励2-5%；",1541078,399059
美容师,苏州市润之泉医美产后复龄馆,杨继春,苏州市相城区渭塘镇商业城181号106（苏州时代广场旁） ,http://www.138job.com/ShowPhone.aspx?v=6E05C42EB30B072E05A569184DC15B46,"美容师招聘职位要求是否出差：无需出差五官端正，能吃苦耐劳，有敬业精神，沟通能力强，有工作经验者优先录用。",2114766,458880
高薪急聘美疗师,张玉珊修身堂成都复城国际店,htt,成都高新区天府二街88号 ,http://www.138job.com/ShowPhone.aspx?v=3226B0A3FEE1A697E6AFF697525C2DF8,"高薪急聘美疗师招聘职位要求是否出差：无需出差岗位职责：1、为顾客提供皮肤护理、美容美体服务；2、安装美容仪器要求、程序、性能进行美容护理操作；3、保持工作环境的干净整洁；4、学习产品知识和专业技术，不断提高自身职业素质和技能；5、能指导美容助理工作。任职资格：1、形象好，气质佳，在18到30岁之间；2、有一年以上美容美体/纤体，仪器操作经验；3、沟通理解能力强、技术手法好，有服务意识；4、具有亲和力和团队精神，有上进心；5、有美容师资格证术或者中医证书优先考虑。",1280608,472566
美容师,广州千美汇生物科技有限公司,htt,广东顺德容桂信德上城五号商铺 ,http://www.138job.com/ShowPhone.aspx?v=9F7D712C4C56689F2EF30DA6C0702950,"美容师招聘职位要求是否出差：无需出差1、主要工作在男爵美容养生馆，为来店的顾客提供美容养生护理服务。2、美容、美体、养生项目的实操，相关知识的沟通、介绍，会员卡的引荐及消卡。职位要求：1、热爱工作，有上进心，工作勤奋，责任心强。2、技术全面者优先，良好的工作心态，吃苦耐劳。3、良好的个人素质，职业素质和道德，有比较好的服务意识。",835850,468030
养生师,广州千美汇生物科技有限公司,htt,广州市白云区远景路575号穗景大厦A座605-606 ,http://www.138job.com/ShowPhone.aspx?v=B8F3A9A3004F4C07242F37471A948A8B,"养生师招聘职位要求是否出差：无需出差职责说明：负责为（男爵容桂直营店）客人提供专业的理疗保健服务。职位要求：1、要求掌握有关皮肤的医学常识、生活美容和经络美容等基本知识和技能，懂得运用中医知识来为顾客进行身体健康的调理，缓解身体的亚健康状态；2、持有美容师证书者、具备中医医学专业文凭或者有中医养生馆相关工作经验者优先考虑；3、熟悉美容产品和手法；4、吃苦耐劳，具备良好语言表达能力，善于沟通，服务意识强，工作耐心细致。",835850,470303
理疗师,广州千美汇生物科技有限公司,htt,广州市白云区远景路575号穗景大厦A座605-606 ,http://www.138job.com/ShowPhone.aspx?v=B8F3A9A3004F4C07242F37471A948A8B,"理疗师招聘职位要求是否出差：无需出差职责说明：负责为（男爵容桂直营店）客人提供专业的理疗保健服务。职位要求：1、要求掌握有关皮肤的医学常识、生活美容和经络美容等基本知识和技能，懂得运用中医知识来为顾客进行身体健康的调理，缓解身体的亚健康状态；2、持有美容师证书者、具备中医医学专业文凭或者有中医养生馆相关工作经验者优先考虑；3、熟悉美容产品和手法；4、吃苦耐劳，具备良好语言表达能力，善于沟通，服务意识强，工作耐心细致。",835850,470581
美容师,广州信莲生物科技有限公司,htt,广州市天河区广州大道北52号豪 景商贸中心264 ,http://www.138job.com/ShowPhone.aspx?v=C0DABAA7B86B0CA2ADB1A11991CBF967,"美容师招聘职位要求是否出差：长期出差熟悉公司品牌产品的使用、搭配及注意事项，品牌手法考核过关者，能完成地区市场培训手法，讲解产品及服务美容院顾客能力。配合代理商、公司上级领导完成公司各阶段布置的工作。",474587,476375
美容师,广州信莲生物科技有限公司,htt,广州市天河区广州大道北52号豪 景商贸中心264 ,http://www.138job.com/ShowPhone.aspx?v=C0DABAA7B86B0CA2ADB1A11991CBF967,"美容师招聘职位要求是否出差：长期出差熟悉公司品牌产品的使用、搭配及注意事项，品牌手法考核过关者，能完成地区市场培训手法，讲解产品及服务美容院顾客能力。配合代理商、公司上级领导完成公司各阶段布置的工作。",474587,476377
美容师,广州信莲生物科技有限公司,htt,广州市天河区广州大道北52号豪 景商贸中心264 ,http://www.138job.com/ShowPhone.aspx?v=C0DABAA7B86B0CA2ADB1A11991CBF967,"美容师招聘职位要求是否出差：长期出差熟悉公司品牌产品的使用、搭配及注意事项，品牌手法考核过关者，能完成地区市场培训手法，讲解产品及服务美容院顾客能力。配合代理商、公司上级领导完成公司各阶段布置的工作。",474587,476378
美容师,广州信莲生物科技有限公司,htt,广州市天河区广州大道北52号豪 景商贸中心264 ,http://www.138job.com/ShowPhone.aspx?v=C0DABAA7B86B0CA2ADB1A11991CBF967,"美容师招聘职位要求是否出差：长期出差熟悉公司品牌产品的使用、搭配及注意事项，品牌手法考核过关者，能完成地区市场培训手法，讲解产品及服务美容院顾客能力。配合代理商、公司上级领导完成公司各阶段布置的工作。",474587,476379
美容师,广州信莲生物科技有限公司,htt,广州市天河区广州大道北52号豪 景商贸中心264 ,http://www.138job.com/ShowPhone.aspx?v=C0DABAA7B86B0CA2ADB1A11991CBF967,"美容师招聘职位要求是否出差：长期出差熟悉公司品牌产品的使用、搭配及注意事项，品牌手法考核过关者，能完成地区市场培训手法，讲解产品及服务美容院顾客能力。配合代理商、公司上级领导完成公司各阶段布置的工作。",474587,476376
高级美容师,深圳市福田区俪人会美容中心 ,  [,徐小姐（联系我时请说明在“138美容人才网”看到的招聘信息）,http://www.138job.com/ShowPhone.aspx?v=429833240FB0E9533C46E1A04446E514,"职位要求职位名称：高级美容师是否出差：无需出差职责说明：1、负责为美容院沙龙客人提供专业的美容服务。  2、讲究职业道德，做到文明服务，保持美容的高水准服务，维护公司声誉。  3、定期建立贵宾及常客档案，了解他(她)们的爱好、要求及皮肤的特性，以便更好地提供服务。销售型优先。  4、负责保管美容及按摩工具，对工具、美容用品的采购提出建议。  5、参加美容院晨会，完成每天工作流程报表与每月总结报表。6、完成店长安排的其他工作。职位要求：1、皮肤好，仪表大方，熟悉美容产品和手法，2、持有美容师证书者、有美容院工作经验者优先考虑；3、良好的语言表达能力，善于沟通，服务意识强，工作耐心细致；4、吃苦耐劳，爱岗敬业，良好的个人素质，较高的职业素养和道德；5、性格开朗乐观，积极向上，团队协作能力强。薪酬：保底5000,+奖金+提成职位标签公司产品福利，岗前培训，高级美容师，广东，深圳联系方式我要应聘",2029692,436547
美容师,深圳市恒颜纤体养生有限公司,谭经理,地址为龙华新区民治星河盛世cococity2楼地铁站: 4号线白石龙地铁（还需要走路10分钟左右）公交车站:慧鑫公寓,http://www.138job.com/ShowPhone.aspx?v=E5D26FDC77D20FF26B58B02DD2CFACF5,"美容师招聘职位要求是否出差：无需出差1.为顾客提供皮肤护理，美容养生服务。2.熟悉各种美容用品用具的性能，特点和使用方法，掌握工具物品的消毒知识。3.学习产品知识和专业技术，不断提高自身职业素质和技能。任职要求：1. 一年以上工作经验，专业手法熟练流畅，熟练掌握美容养生的专业理论知识。2.有良好的服务理念，主动地服务意识，有责任感，吃苦耐劳。3.沟通能力强，诚信开朗，作风正派。",2088222,451248
中医理疗师,深圳市恒颜纤体养生有限公司,谭经理,地址为龙华新区民治星河盛世cococity2楼地铁站: 4号线白石龙地铁（还需要走路10分钟左右）公交车站:慧鑫公寓,http://www.138job.com/ShowPhone.aspx?v=E5D26FDC77D20FF26B58B02DD2CFACF5,"中医理疗师招聘职位要求是否出差：无需出差岗位职责：1、根据顾客身体情况，为顾客提供中医外治法等经络调理服务，保证调理质量和疗效；2、通过服务和沟通，建立与客户的良好关系，提高顾客满意度；3、做好各种记录调理治疗工作，调理完毕后及时反应顾客详细情况，辅助美容师商定改进建议或执行方案。岗位职责：1、熟悉中医理论知识，人体经络及穴位，亚健康调理，保健按摩。2、工作责任心强，吃苦耐劳，有团队合作和敬业精神，较强的服务意识，工作耐心细致3、任职资格：工作经验2年以上",2088222,475067
生殖专家（全国）,广州天鹰企业,htt,广州市海珠区新港西路1-3号银华大厦1202天鹰国际(地铁晓港站D出口） (510000) ,http://www.138job.com/ShowPhone.aspx?v=9EE4BF0323FD9AB7AB0E78932875E98A,职位要求职位名称：生殖专家（全国）是否出差：不定时出差福利：底薪+提成+出差补贴+社保+产品福利+生日礼金+年终奖+月休4天+提供住宿职责说明：坐诊医师主要负责配合美容院/会所安排的各项培训和现场销售咨询工作；负责培训有关中医养生方面的专业技能，配合合作方召开终端、招商、内训等会议，完成培训及现场授课工作。职位要求：1、精通美容、中医专业知识，有自己特色课程；2、具备中医经络专业特长和技能，具备较强的培训组织、实施能力；3、具备相应的专业线中医养生产品市场推广经验，能主讲各类招商会、终端会及培训会；4、有良好的沟通协调能力，具备丰富生动的授课技巧，能独立完成中医养生课程。职位标签星期日休息，提供住宿，公司产品福利，岗前培训，生殖专家（全国），广东，广州联系方式我要应聘,89227,426782
高端口服美容导师,广州天鹰企业,htt,广州市海珠区新港西路1-3号银华大厦1202天鹰国际(地铁晓港站D出口） (510000) ,http://www.138job.com/ShowPhone.aspx?v=9EE4BF0323FD9AB7AB0E78932875E98A,职位要求职位名称：高端口服美容导师是否出差：不定时出差福利：底薪+提成+出差补贴+社保+产品福利+生日礼金+年终奖+月休4天+提供住宿岗位职责：1.负责配合公司安排的各项专业咨询工作，根据客人的身体状况，为客人提供专业的保健养生方案2.根据公司整体工作计划和方案，有效完成工作任务。3.为终端消费者进行分析诊断，提供营养指导、咨询，正确传递营养调理信息。任职资格：1.有中西医学术基础者优先。2.有美容专业线、中医养生、产品推广、终端坐诊经验者优先3.有生活美容及经络美容等基础知识和技能，懂得运用中医知识来为顾客进行身体健康的调理。职位标签星期日休息，提供住宿，公司产品福利，岗前培训，高端口服美容导师，广东，广州联系方式我要应聘,89227,469142
美容师,广州市茵彩化妆品有限公司,郑小姐,广州市天河区珠江新城华强路2号富力盈丰大厦A座218室，（地铁5号线珠江新城站）电话：020-36478682. ,http://www.138job.com/ShowPhone.aspx?v=070100CEDDC20A115F65D567095CF781,职位要求职位名称：美容师是否出差：无需出差职责说明：1、负责为美容院客人提供专业的美容服务。  2、讲究职业道德，做到文明服务，保持美容的高水准服务，维护公司声誉。  3、定期建立贵宾及常客档案，了解他(她)们的爱好、要求及皮肤的特性，以便更好地提供服务。  4、负责保管美容及按摩工具，对工具、美容用品的采购提出建议。  5、参加美容院晨会，完成每天工作流程报表与每月总结报表。6、完成店长安排的其他工作。职位要求：1、仪表大方，熟悉美容产品和手法，2、持有美容师证书者、有2年以上美容院工作经验者优先考虑；3、良好的语言表达能力，善于沟通，服务意识强，工作耐心细致；4、吃苦耐劳，爱岗敬业，良好的个人素质，较高的职业素养和道德；5、性格开朗乐观，积极向上，团队协作能力强。没经验？不怕！我们有专业的培训！工资低？不怕！我们不怕你要求薪资高，就怕你没能力！福利少？不怕！免费申领产品！超低折扣购买产品！节假日福利！生日福利！公司旅游！在职？不怕！是人才我们都等得起！不在广州？不怕！你在哪，全国都有市场的我们，面试就能在哪！没晋升？不怕！只要达到业绩要求，马上升职！我们什么都不怕，就怕你没有挣钱的欲望，没有晋升的野心，没有实现美业梦想的能力，怕你不敢来！职位标签岗前培训提供住宿，多劳多得(底薪+提成)，有无经验均可，优秀员工奖，保底，节假日福利，生日福利，美容师，广东，汕头联系方式我要应聘,1434717,484178
养生店销专家,北京益生靓健生物科技有限公司,马海荣,通州区万达广场A座2118 (100022) ,http://www.138job.com/ShowPhone.aspx?v=4440A55BD74A9715AD0B182E260A0807,职位要求职位名称：养生店销专家是否出差：不定时出差1，	熟悉保健品会销行业，精通多种会销模式，2，	有良好的语言沟通能力，善于调动全场气氛，优秀的演讲口才与技巧，3，	具备一定的营养保健知识，中西医知识，预防医学知识，4，	能够独立组织并实施课件编写及现场宣讲，5，	身体健康无不良嗜好，能够适应出差。职位标签星期日休息，公司产品福利，岗前培训，养生店销专家，北京，朝阳区联系方式我要应聘,598573,260547
养生顾问,北京益生靓健生物科技有限公司,  [,徐老师（联系我时请说明在“138美容人才网”看到的招聘信息）,http://www.138job.com/ShowPhone.aspx?v=3E967FA305C82282280EA4F194A0D76A,职位要求职位名称：养生顾问是否出差：不定时出差职责说明：1、对公司代理商、直营店进行产品知识、手法技能等相关知识培训；2、协助公司直营店、代理商加盟店做好开业前的筹备、宣传及驻店扶持工作；3、对所管理的加盟店开展技术和销售培训，提升加盟店业绩；4、针对加盟店制定活动方案，维护所辖区域市场；5、市场同类产品信息收集及反馈。职位要求：1、人品端正、皮肤好、有美容师或者美容导师从业经历；2、性格活泼开朗，善与沟通交流，语言表达能力强，具有良好的职业素质；3、公司销售模式和会议的组织和推广。4、有培训、行业经验及管理美容店相关经验优先。职位标签星期日休息，公司产品福利，岗前培训月薪过万，养生顾问，北京联系方式我要应聘,598573,282064
优秀美甲师,上海自然美专业女子美容SPA(娄山关路店),---,---,---,"优秀美甲师招聘职位要求是否出差：无需出差人品好，气质佳；善于沟通，乐于服务。可采取合作的方式。",106568,38657
